135.152,25.2412,7.94526,4.62647,1.86363,1.30918,1.18192,1.08948,1.05573,1.0179,0.733484,0.328732,0.0826119,0.0820016,0.0283777,0.00691647,0.00505571,0.00123697,0.000230411,0.000147239,1.56219e-05,7.02064e-06,1.08321e-06,4.2073e-07,6.15522e-08,6.28782e-10,1.17336e-10,2.88347e-11,1.55269e-11,6.42042e-12,1.9853e-12,6.25278e-13,1.51434e-13,4.9738e-14,2.02061e-14,7.32747e-15,1.9984e-15,4.44089e-16,0,0,0,0,0,0,0,0,0,0,0,0,0,0,0,0,0,0,0,0,0,0,0,0,0,0,0,0,0,0,0,0,0,0,0,0,0,0,0,0,0,0,0,0,0,0,0,0,0,0,0,0,0,0,0,0,0,0,0,0,0,0,0,0,0,0,0,0,0,0,0,0,0,0,0,0,0,0,0,0,0,0,0,0,0,0,0,0,0,0,0,0,0,0,0,0,0,0,0,0,0,0,0,0,0,0,0,0,0,0,0,0,0,0,0,0,0,0,0,0,0,0,0,0,0,0,0,0,0,0,0,0,0,0,0,0,0,0,0,0,0,0,0,0,0,0,0,0,0,0,0,0,0,0,0,0,0,0,0,0,0,0,0,0,0,0,0,0,0,0,0,0,0,0,0,0,0,0,0,0,0,0,0,0,0,0,0,0,0,0,0,0,0,0,0,0,0,0,0,0,0,0,0,0,0,0,0,0,0,0,0,0,0,0,0,0,0,0,0,0,0,0,0,0,0,0,0,0,0,0,0,0,0,0,0,0,0,0,0,0,0,0,0,0,0,0,0,0,0,0,0,0,0,0,0,0,0,0,0,0,0,0
284.104,72.7582,18.2901,9.90306,2.29062,1.38479,1.20674,1.04052,0.906674,0.824859,0.224147,0.0775837,0.0401267,0.00680216,0.00394008,0.00201491,0.00025541,0.000124805,3.22799e-05,2.20802e-05,1.15306e-05,3.48329e-06,1.21321e-07,6.13545e-08,8.08589e-10,1.73271e-10,4.31073e-11,1.94389e-11,6.25566e-12,1.79989e-12,1.06937e-12,2.63789e-13,3.24185e-14,2.13163e-14,3.9968e-15,2.22045e-15,4.44089e-16,2.22045e-16,0,0,0,0,0,0,0,0,0,0,0,0,0,0,0,0,0,0,0,0,0,0,0,0,0,0,0,0,0,0,0,0,0,0,0,0,0,0,0,0,0,0,0,0,0,0,0,0,0,0,0,0,0,0,0,0,0,0,0,0,0,0,0,0,0,0,0,0,0,0,0,0,0,0,0,0,0,0,0,0,0,0,0,0,0,0,0,0,0,0,0,0,0,0,0,0,0,0,0,0,0,0,0,0,0,0,0,0,0,0,0,0,0,0,0,0,0,0,0,0,0,0,0,0,0,0,0,0,0,0,0,0,0,0,0,0,0,0,0,0,0,0,0,0,0,0,0,0,0,0,0,0,0,0,0,0,0,0,0,0,0,0,0,0,0,0,0,0,0,0,0,0,0,0,0,0,0,0,0,0,0,0,0,0,0,0,0,0,0,0,0,0,0,0,0,0,0,0,0,0,0,0,0,0,0,0,0,0,0,0,0,0,0,0,0,0,0,0,0,0,0,0,0,0,0,0,0,0,0,0,0,0,0,0,0,0,0,0,0,0,0,0,0,0,0,0,0,0,0,0,0,0,0,0,0,0,0,0,0,0,0,0
355.189,114.986,14.5436,4.83051,2.46333,1.96027,1.21664,1.12317,0.988343,0.987973,0.929502,0.261731,0.195373,0.103252,0.00650872,0.00463089,0.00379132,0.00143042,0.00047882,9.86597e-05,2.35852e-05,6.84645e-06,4.08559e-06,4.8173e-07,3.02366e-07,1.11624e-09,3.69793e-10,9.4913e-11,5.56715e-11,8.45302e-12,6.99907e-12,1.9047e-12,3.92797e-13,2.47802e-13,1.16351e-13,3.68594e-14,8.21565e-15,1.9984e-15,4.44089e-16,0,0,0,0,0,0,0,0,0,0,0,0,0,0,0,0,0,0,0,0,0,0,0,0,0,0,0,0,0,0,0,0,0,0,0,0,0,0,0,0,0,0,0,0,0,0,0,0,0,0,0,0,0,0,0,0,0,0,0,0,0,0,0,0,0,0,0,0,0,0,0,0,0,0,0,0,0,0,0,0,0,0,0,0,0,0,0,0,0,0,0,0,0,0,0,0,0,0,0,0,0,0,0,0,0,0,0,0,0,0,0,0,0,0,0,0,0,0,0,0,0,0,0,0,0,0,0,0,0,0,0,0,0,0,0,0,0,0,0,0,0,0,0,0,0,0,0,0,0,0,0,0,0,0,0,0,0,0,0,0,0,0,0,0,0,0,0,0,0,0,0,0,0,0,0,0,0,0,0,0,0,0,0,0,0,0,0,0,0,0,0,0,0,0,0,0,0,0,0,0,0,0,0,0,0,0,0,0,0,0,0,0,0,0,0,0,0,0,0,0,0,0,0,0,0,0,0,0,0,0,0,0,0,0,0,0,0,0,0,0,0,0,0,0,0,0,0,0,0,0,0,0,0,0,0,0,0,0,0,0,0
313.126,87.882,31.1531,9.05918,3.06936,2.20478,1.2296,1.09667,1.04262,0.935451,0.884449,0.538008,0.496277,0.330563,0.0629441,0.0397066,0.0115584,0.00545277,0.00106148,0.000945799,0.000261025,0.00013613,4.05478e-05,8.32373e-06,3.77585e-06,1.56061e-06,3.60342e-07,9.5435e-10,2.0803e-10,1.53022e-10,2.52798e-11,9.22795e-12,2.05946e-12,6.65468e-13,2.70006e-13,6.61693e-14,1.31006e-14,6.43929e-15,2.88658e-15,4.44089e-16,2.22045e-16,0,0,0,0,0,0,0,0,0,0,0,0,0,0,0,0,0,0,0,0,0,0,0,0,0,0,0,0,0,0,0,0,0,0,0,0,0,0,0,0,0,0,0,0,0,0,0,0,0,0,0,0,0,0,0,0,0,0,0,0,0,0,0,0,0,0,0,0,0,0,0,0,0,0,0,0,0,0,0,0,0,0,0,0,0,0,0,0,0,0,0,0,0,0,0,0,0,0,0,0,0,0,0,0,0,0,0,0,0,0,0,0,0,0,0,0,0,0,0,0,0,0,0,0,0,0,0,0,0,0,0,0,0,0,0,0,0,0,0,0,0,0,0,0,0,0,0,0,0,0,0,0,0,0,0,0,0,0,0,0,0,0,0,0,0,0,0,0,0,0,0,0,0,0,0,0,0,0,0,0,0,0,0,0,0,0,0,0,0,0,0,0,0,0,0,0,0,0,0,0,0,0,0,0,0,0,0,0,0,0,0,0,0,0,0,0,0,0,0,0,0,0,0,0,0,0,0,0,0,0,0,0,0,0,0,0,0,0,0,0,0,0,0,0,0,0,0,0,0,0,0,0,0,0,0,0,0,0,0
302.378,89.3449,12.6649,5.42369,3.36655,2.0951,1.21753,1.062,1.01995,0.710868,0.259409,0.241429,0.0762228,0.0196309,0.0155794,0.00836776,0.00339735,0.0027659,0.000598757,0.000109501,3.95987e-05,8.0385e-06,5.52018e-06,2.34298e-06,1.02482e-06,4.81443e-07,1.21052e-07,4.6292e-10,1.14134e-10,4.64913e-11,1.17131e-11,3.86668e-12,2.00195e-12,6.83453e-13,1.65201e-13,1.11022e-13,1.64313e-14,5.9952e-15,1.9984e-15,1.11022e-15,4.44089e-16,2.22045e-16,0,0,0,0,0,0,0,0,0,0,0,0,0,0,0,0,0,0,0,0,0,0,0,0,0,0,0,0,0,0,0,0,0,0,0,0,0,0,0,0,0,0,0,0,0,0,0,0,0,0,0,0,0,0,0,0,0,0,0,0,0,0,0,0,0,0,0,0,0,0,0,0,0,0,0,0,0,0,0,0,0,0,0,0,0,0,0,0,0,0,0,0,0,0,0,0,0,0,0,0,0,0,0,0,0,0,0,0,0,0,0,0,0,0,0,0,0,0,0,0,0,0,0,0,0,0,0,0,0,0,0,0,0,0,0,0,0,0,0,0,0,0,0,0,0,0,0,0,0,0,0,0,0,0,0,0,0,0,0,0,0,0,0,0,0,0,0,0,0,0,0,0,0,0,0,0,0,0,0,0,0,0,0,0,0,0,0,0,0,0,0,0,0,0,0,0,0,0,0,0,0,0,0,0,0,0,0,0,0,0,0,0,0,0,0,0,0,0,0,0,0,0,0,0,0,0,0,0,0,0,0,0,0,0,0,0,0,0,0,0,0,0,0,0,0,0,0,0,0,0,0,0,0,0,0,0,0,0
264.47,125.011,36.9692,14.1101,5.30123,1.6845,1.5194,1.18744,1.07238,1.00607,0.840754,0.150014,0.105497,0.0193076,0.012026,0.00411088,0.000932584,0.000368585,0.000111981,7.33757e-05,9.38916e-06,4.15065e-06,3.0097e-06,7.21547e-07,6.44272e-10,2.00707e-10,6.72236e-11,1.08578e-11,9.91207e-13,7.19869e-13,1.71196e-13,1.62093e-14,6.88338e-15,2.22045e-15,1.33227e-15,2.22045e-16,2.22045e-16,0,0,0,0,0,0,0,0,0,0,0,0,0,0,0,0,0,0,0,0,0,0,0,0,0,0,0,0,0,0,0,0,0,0,0,0,0,0,0,0,0,0,0,0,0,0,0,0,0,0,0,0,0,0,0,0,0,0,0,0,0,0,0,0,0,0,0,0,0,0,0,0,0,0,0,0,0,0,0,0,0,0,0,0,0,0,0,0,0,0,0,0,0,0,0,0,0,0,0,0,0,0,0,0,0,0,0,0,0,0,0,0,0,0,0,0,0,0,0,0,0,0,0,0,0,0,0,0,0,0,0,0,0,0,0,0,0,0,0,0,0,0,0,0,0,0,0,0,0,0,0,0,0,0,0,0,0,0,0,0,0,0,0,0,0,0,0,0,0,0,0,0,0,0,0,0,0,0,0,0,0,0,0,0,0,0,0,0,0,0,0,0,0,0,0,0,0,0,0,0,0,0,0,0,0,0,0,0,0,0,0,0,0,0,0,0,0,0,0,0,0,0,0,0,0,0,0,0,0,0,0,0,0,0,0,0,0,0,0,0,0,0,0,0,0,0,0,0,0,0,0,0,0,0,0,0,0,0,0,0,0,0,0
376.479,63.5719,21.5561,9.88207,5.15163,2.02976,1.1969,1.1969,1.01877,0.592178,0.512292,0.107879,0.10137,0.0167406,0.00495002,0.00222149,0.000521735,0.000238115,3.93995e-05,1.67873e-05,9.04648e-06,2.39821e-06,4.20986e-07,6.17642e-10,2.65489e-10,1.09843e-10,4.23936e-11,9.17e-12,6.59095e-12,6.05516e-13,5.83089e-13,3.41505e-13,5.44009e-14,3.35287e-14,1.15463e-14,6.88338e-15,2.22045e-15,4.44089e-16,2.22045e-16,2.22045e-16,0,0,0,0,0,0,0,0,0,0,0,0,0,0,0,0,0,0,0,0,0,0,0,0,0,0,0,0,0,0,0,0,0,0,0,0,0,0,0,0,0,0,0,0,0,0,0,0,0,0,0,0,0,0,0,0,0,0,0,0,0,0,0,0,0,0,0,0,0,0,0,0,0,0,0,0,0,0,0,0,0,0,0,0,0,0,0,0,0,0,0,0,0,0,0,0,0,0,0,0,0,0,0,0,0,0,0,0,0,0,0,0,0,0,0,0,0,0,0,0,0,0,0,0,0,0,0,0,0,0,0,0,0,0,0,0,0,0,0,0,0,0,0,0,0,0,0,0,0,0,0,0,0,0,0,0,0,0,0,0,0,0,0,0,0,0,0,0,0,0,0,0,0,0,0,0,0,0,0,0,0,0,0,0,0,0,0,0,0,0,0,0,0,0,0,0,0,0,0,0,0,0,0,0,0,0,0,0,0,0,0,0,0,0,0,0,0,0,0,0,0,0,0,0,0,0,0,0,0,0,0,0,0,0,0,0,0,0,0,0,0,0,0,0,0,0,0,0,0,0,0,0,0,0,0,0,0,0,0,0
314.209,109.485,19.67,5.76697,2.74281,1.84355,1.2863,1.15563,1.02317,0.975031,0.932587,0.3992,0.107817,0.0652108,0.0275644,0.00539001,0.00297745,0.000559353,0.000286115,0.000125447,3.45515e-05,2.68397e-05,1.6216e-06,1.26215e-06,1.81905e-07,9.84488e-10,1.6128e-10,1.07218e-10,2.79268e-11,3.32512e-12,7.17204e-13,2.52465e-13,1.40554e-13,4.01901e-14,2.4647e-14,3.9968e-15,1.77636e-15,8.88178e-16,0,0,0,0,0,0,0,0,0,0,0,0,0,0,0,0,0,0,0,0,0,0,0,0,0,0,0,0,0,0,0,0,0,0,0,0,0,0,0,0,0,0,0,0,0,0,0,0,0,0,0,0,0,0,0,0,0,0,0,0,0,0,0,0,0,0,0,0,0,0,0,0,0,0,0,0,0,0,0,0,0,0,0,0,0,0,0,0,0,0,0,0,0,0,0,0,0,0,0,0,0,0,0,0,0,0,0,0,0,0,0,0,0,0,0,0,0,0,0,0,0,0,0,0,0,0,0,0,0,0,0,0,0,0,0,0,0,0,0,0,0,0,0,0,0,0,0,0,0,0,0,0,0,0,0,0,0,0,0,0,0,0,0,0,0,0,0,0,0,0,0,0,0,0,0,0,0,0,0,0,0,0,0,0,0,0,0,0,0,0,0,0,0,0,0,0,0,0,0,0,0,0,0,0,0,0,0,0,0,0,0,0,0,0,0,0,0,0,0,0,0,0,0,0,0,0,0,0,0,0,0,0,0,0,0,0,0,0,0,0,0,0,0,0,0,0,0,0,0,0,0,0,0,0,0,0,0,0,0,0,0,0
199.87,22.5509,6.24831,3.69398,1.77827,1.10123,1.00683,0.986215,0.780034,0.332795,0.0493712,0.0349584,0.0185202,0.00504565,0.00181214,0.00132405,0.000288055,5.04647e-05,3.59988e-05,1.62707e-05,1.53705e-05,2.57969e-06,6.00465e-07,3.60847e-07,6.07006e-08,6.06846e-08,2.31218e-10,7.03779e-11,1.62879e-11,1.14366e-11,3.56537e-12,7.69163e-13,3.05977e-13,2.09166e-13,3.70814e-14,1.42109e-14,2.44249e-15,6.66134e-16,2.22045e-16,0,0,0,0,0,0,0,0,0,0,0,0,0,0,0,0,0,0,0,0,0,0,0,0,0,0,0,0,0,0,0,0,0,0,0,0,0,0,0,0,0,0,0,0,0,0,0,0,0,0,0,0,0,0,0,0,0,0,0,0,0,0,0,0,0,0,0,0,0,0,0,0,0,0,0,0,0,0,0,0,0,0,0,0,0,0,0,0,0,0,0,0,0,0,0,0,0,0,0,0,0,0,0,0,0,0,0,0,0,0,0,0,0,0,0,0,0,0,0,0,0,0,0,0,0,0,0,0,0,0,0,0,0,0,0,0,0,0,0,0,0,0,0,0,0,0,0,0,0,0,0,0,0,0,0,0,0,0,0,0,0,0,0,0,0,0,0,0,0,0,0,0,0,0,0,0,0,0,0,0,0,0,0,0,0,0,0,0,0,0,0,0,0,0,0,0,0,0,0,0,0,0,0,0,0,0,0,0,0,0,0,0,0,0,0,0,0,0,0,0,0,0,0,0,0,0,0,0,0,0,0,0,0,0,0,0,0,0,0,0,0,0,0,0,0,0,0,0,0,0,0,0,0,0,0,0,0,0,0,0,0
401.072,89.8324,38.8884,6.92459,3.10735,1.55154,1.20699,1.06415,1.04475,1.02872,0.603609,0.357717,0.13416,0.0467903,0.0136832,0.00472824,0.000669456,0.000181069,7.0737e-05,2.26952e-05,1.01487e-05,1.80264e-06,5.41408e-07,6.10534e-08,8.40337e-10,2.41218e-10,1.35593e-10,7.32501e-11,1.71523e-11,1.02005e-11,1.82698e-12,7.94254e-13,2.82441e-13,6.15064e-14,2.77556e-14,9.32587e-15,6.88338e-15,8.88178e-16,4.44089e-16,2.22045e-16,0,0,0,0,0,0,0,0,0,0,0,0,0,0,0,0,0,0,0,0,0,0,0,0,0,0,0,0,0,0,0,0,0,0,0,0,0,0,0,0,0,0,0,0,0,0,0,0,0,0,0,0,0,0,0,0,0,0,0,0,0,0,0,0,0,0,0,0,0,0,0,0,0,0,0,0,0,0,0,0,0,0,0,0,0,0,0,0,0,0,0,0,0,0,0,0,0,0,0,0,0,0,0,0,0,0,0,0,0,0,0,0,0,0,0,0,0,0,0,0,0,0,0,0,0,0,0,0,0,0,0,0,0,0,0,0,0,0,0,0,0,0,0,0,0,0,0,0,0,0,0,0,0,0,0,0,0,0,0,0,0,0,0,0,0,0,0,0,0,0,0,0,0,0,0,0,0,0,0,0,0,0,0,0,0,0,0,0,0,0,0,0,0,0,0,0,0,0,0,0,0,0,0,0,0,0,0,0,0,0,0,0,0,0,0,0,0,0,0,0,0,0,0,0,0,0,0,0,0,0,0,0,0,0,0,0,0,0,0,0,0,0,0,0,0,0,0,0,0,0,0,0,0,0,0,0,0,0,0,0
281.854,64.5318,42.7927,19.2675,7.62957,1.61404,1.41478,1.21903,1.04337,0.99843,0.735088,0.361094,0.190258,0.0407273,0.0190304,0.00454722,0.00123161,0.0008952,0.000186223,0.000185143,4.08837e-05,1.35641e-05,3.65432e-06,9.56806e-07,6.12423e-08,3.05642e-10,1.89596e-10,4.74762e-11,9.42912e-12,3.43037e-12,1.5079e-12,4.43423e-13,2.1938e-13,1.75193e-13,2.57572e-14,1.08802e-14,4.21885e-15,2.44249e-15,2.22045e-16,2.22045e-16,0,0,0,0,0,0,0,0,0,0,0,0,0,0,0,0,0,0,0,0,0,0,0,0,0,0,0,0,0,0,0,0,0,0,0,0,0,0,0,0,0,0,0,0,0,0,0,0,0,0,0,0,0,0,0,0,0,0,0,0,0,0,0,0,0,0,0,0,0,0,0,0,0,0,0,0,0,0,0,0,0,0,0,0,0,0,0,0,0,0,0,0,0,0,0,0,0,0,0,0,0,0,0,0,0,0,0,0,0,0,0,0,0,0,0,0,0,0,0,0,0,0,0,0,0,0,0,0,0,0,0,0,0,0,0,0,0,0,0,0,0,0,0,0,0,0,0,0,0,0,0,0,0,0,0,0,0,0,0,0,0,0,0,0,0,0,0,0,0,0,0,0,0,0,0,0,0,0,0,0,0,0,0,0,0,0,0,0,0,0,0,0,0,0,0,0,0,0,0,0,0,0,0,0,0,0,0,0,0,0,0,0,0,0,0,0,0,0,0,0,0,0,0,0,0,0,0,0,0,0,0,0,0,0,0,0,0,0,0,0,0,0,0,0,0,0,0,0,0,0,0,0,0,0,0,0,0,0,0,0
262.131,51.6573,26.2754,5.2335,2.13973,1.33265,1.32296,1.12989,1.06428,0.976927,0.571287,0.255393,0.215025,0.0407239,0.0193706,0.00410827,0.000574745,0.000225896,4.50597e-05,1.28068e-05,4.99219e-06,1.50736e-06,1.22124e-07,1.06944e-09,3.65476e-10,1.81638e-10,4.75169e-11,1.3372e-11,4.66094e-12,1.4817e-12,5.40679e-13,2.26041e-13,6.90559e-14,1.06581e-14,3.10862e-15,1.33227e-15,4.44089e-16,2.22045e-16,0,0,0,0,0,0,0,0,0,0,0,0,0,0,0,0,0,0,0,0,0,0,0,0,0,0,0,0,0,0,0,0,0,0,0,0,0,0,0,0,0,0,0,0,0,0,0,0,0,0,0,0,0,0,0,0,0,0,0,0,0,0,0,0,0,0,0,0,0,0,0,0,0,0,0,0,0,0,0,0,0,0,0,0,0,0,0,0,0,0,0,0,0,0,0,0,0,0,0,0,0,0,0,0,0,0,0,0,0,0,0,0,0,0,0,0,0,0,0,0,0,0,0,0,0,0,0,0,0,0,0,0,0,0,0,0,0,0,0,0,0,0,0,0,0,0,0,0,0,0,0,0,0,0,0,0,0,0,0,0,0,0,0,0,0,0,0,0,0,0,0,0,0,0,0,0,0,0,0,0,0,0,0,0,0,0,0,0,0,0,0,0,0,0,0,0,0,0,0,0,0,0,0,0,0,0,0,0,0,0,0,0,0,0,0,0,0,0,0,0,0,0,0,0,0,0,0,0,0,0,0,0,0,0,0,0,0,0,0,0,0,0,0,0,0,0,0,0,0,0,0,0,0,0,0,0,0,0,0,0,0,0
174.641,38.1638,25.5079,7.12788,3.71403,2.11428,1.34823,1.15864,1.04582,0.986815,0.363436,0.218846,0.162335,0.0358391,0.0164397,0.00409138,0.00374803,0.000856188,0.000183753,0.000132713,3.26311e-05,1.31567e-05,3.30672e-06,1.07762e-06,3.01128e-07,6.08055e-08,7.81181e-10,9.90634e-11,9.25511e-11,1.45266e-11,2.23643e-12,1.28031e-12,4.03677e-13,9.19265e-14,2.95319e-14,8.21565e-15,4.21885e-15,4.44089e-16,2.22045e-16,2.22045e-16,0,0,0,0,0,0,0,0,0,0,0,0,0,0,0,0,0,0,0,0,0,0,0,0,0,0,0,0,0,0,0,0,0,0,0,0,0,0,0,0,0,0,0,0,0,0,0,0,0,0,0,0,0,0,0,0,0,0,0,0,0,0,0,0,0,0,0,0,0,0,0,0,0,0,0,0,0,0,0,0,0,0,0,0,0,0,0,0,0,0,0,0,0,0,0,0,0,0,0,0,0,0,0,0,0,0,0,0,0,0,0,0,0,0,0,0,0,0,0,0,0,0,0,0,0,0,0,0,0,0,0,0,0,0,0,0,0,0,0,0,0,0,0,0,0,0,0,0,0,0,0,0,0,0,0,0,0,0,0,0,0,0,0,0,0,0,0,0,0,0,0,0,0,0,0,0,0,0,0,0,0,0,0,0,0,0,0,0,0,0,0,0,0,0,0,0,0,0,0,0,0,0,0,0,0,0,0,0,0,0,0,0,0,0,0,0,0,0,0,0,0,0,0,0,0,0,0,0,0,0,0,0,0,0,0,0,0,0,0,0,0,0,0,0,0,0,0,0,0,0,0,0,0,0,0,0,0,0,0,0
217.836,30.2223,10.158,5.97319,1.67781,1.39899,1.18708,1.08579,1.06618,1.0081,0.832663,0.81351,0.285576,0.0805901,0.0367431,0.00485851,0.000775084,0.000152072,5.35255e-05,4.66138e-05,3.72347e-06,3.30364e-06,9.01406e-07,3.01387e-07,1.07404e-09,4.10522e-10,1.49319e-10,4.8203e-11,6.82432e-12,1.68021e-12,4.55636e-13,1.84963e-13,6.26166e-14,9.10383e-15,5.55112e-15,1.9984e-15,6.66134e-16,2.22045e-16,0,0,0,0,0,0,0,0,0,0,0,0,0,0,0,0,0,0,0,0,0,0,0,0,0,0,0,0,0,0,0,0,0,0,0,0,0,0,0,0,0,0,0,0,0,0,0,0,0,0,0,0,0,0,0,0,0,0,0,0,0,0,0,0,0,0,0,0,0,0,0,0,0,0,0,0,0,0,0,0,0,0,0,0,0,0,0,0,0,0,0,0,0,0,0,0,0,0,0,0,0,0,0,0,0,0,0,0,0,0,0,0,0,0,0,0,0,0,0,0,0,0,0,0,0,0,0,0,0,0,0,0,0,0,0,0,0,0,0,0,0,0,0,0,0,0,0,0,0,0,0,0,0,0,0,0,0,0,0,0,0,0,0,0,0,0,0,0,0,0,0,0,0,0,0,0,0,0,0,0,0,0,0,0,0,0,0,0,0,0,0,0,0,0,0,0,0,0,0,0,0,0,0,0,0,0,0,0,0,0,0,0,0,0,0,0,0,0,0,0,0,0,0,0,0,0,0,0,0,0,0,0,0,0,0,0,0,0,0,0,0,0,0,0,0,0,0,0,0,0,0,0,0,0,0,0,0,0,0,0,0,0
403.001,117.126,46.876,14.9044,6.24098,2.69488,2.58169,1.66403,1.17249,1.09442,1.04477,1.00138,0.643423,0.144519,0.0596415,0.0564709,0.0130264,0.00447833,0.00103141,0.000174242,7.03089e-05,4.22717e-05,1.56893e-05,5.4443e-06,2.2172e-06,8.99826e-07,1.06786e-09,2.61718e-10,4.33287e-11,1.46221e-11,1.25533e-11,2.54152e-12,9.6434e-13,5.29354e-13,9.21485e-14,1.53211e-14,4.66294e-15,1.33227e-15,4.44089e-16,2.22045e-16,0,0,0,0,0,0,0,0,0,0,0,0,0,0,0,0,0,0,0,0,0,0,0,0,0,0,0,0,0,0,0,0,0,0,0,0,0,0,0,0,0,0,0,0,0,0,0,0,0,0,0,0,0,0,0,0,0,0,0,0,0,0,0,0,0,0,0,0,0,0,0,0,0,0,0,0,0,0,0,0,0,0,0,0,0,0,0,0,0,0,0,0,0,0,0,0,0,0,0,0,0,0,0,0,0,0,0,0,0,0,0,0,0,0,0,0,0,0,0,0,0,0,0,0,0,0,0,0,0,0,0,0,0,0,0,0,0,0,0,0,0,0,0,0,0,0,0,0,0,0,0,0,0,0,0,0,0,0,0,0,0,0,0,0,0,0,0,0,0,0,0,0,0,0,0,0,0,0,0,0,0,0,0,0,0,0,0,0,0,0,0,0,0,0,0,0,0,0,0,0,0,0,0,0,0,0,0,0,0,0,0,0,0,0,0,0,0,0,0,0,0,0,0,0,0,0,0,0,0,0,0,0,0,0,0,0,0,0,0,0,0,0,0,0,0,0,0,0,0,0,0,0,0,0,0,0,0,0,0,0
376.848,149.793,36.0603,15.2265,3.4767,2.43422,1.44688,1.18465,1.11763,1.07235,1.02489,0.932764,0.629483,0.206549,0.0990602,0.054403,0.0287455,0.00687199,0.00171004,0.00100077,0.000229643,3.82064e-05,1.67188e-05,4.87448e-06,3.12609e-06,9.61122e-07,1.81009e-07,6.01347e-08,3.67576e-10,1.1044e-10,1.05856e-10,3.34139e-11,9.70934e-12,1.84674e-12,1.02007e-12,2.46692e-13,4.72955e-14,9.76996e-15,1.55431e-15,6.66134e-16,2.22045e-16,0,0,0,0,0,0,0,0,0,0,0,0,0,0,0,0,0,0,0,0,0,0,0,0,0,0,0,0,0,0,0,0,0,0,0,0,0,0,0,0,0,0,0,0,0,0,0,0,0,0,0,0,0,0,0,0,0,0,0,0,0,0,0,0,0,0,0,0,0,0,0,0,0,0,0,0,0,0,0,0,0,0,0,0,0,0,0,0,0,0,0,0,0,0,0,0,0,0,0,0,0,0,0,0,0,0,0,0,0,0,0,0,0,0,0,0,0,0,0,0,0,0,0,0,0,0,0,0,0,0,0,0,0,0,0,0,0,0,0,0,0,0,0,0,0,0,0,0,0,0,0,0,0,0,0,0,0,0,0,0,0,0,0,0,0,0,0,0,0,0,0,0,0,0,0,0,0,0,0,0,0,0,0,0,0,0,0,0,0,0,0,0,0,0,0,0,0,0,0,0,0,0,0,0,0,0,0,0,0,0,0,0,0,0,0,0,0,0,0,0,0,0,0,0,0,0,0,0,0,0,0,0,0,0,0,0,0,0,0,0,0,0,0,0,0,0,0,0,0,0,0,0,0,0,0,0,0,0,0
397.246,103.001,25.1494,10.5285,3.48786,2.14674,1.32016,1.06985,1.01401,0.576221,0.241795,0.0998925,0.0591655,0.00702343,0.00620955,0.00119284,0.000735433,0.000186736,8.0101e-05,1.98134e-05,5.59104e-06,2.16609e-06,3.61966e-07,1.21276e-07,2.00841e-10,1.41466e-10,3.72287e-11,1.1821e-11,2.79088e-12,9.93428e-13,3.79474e-13,1.31894e-13,5.30687e-14,2.62013e-14,7.32747e-15,3.77476e-15,1.9984e-15,6.66134e-16,2.22045e-16,0,0,0,0,0,0,0,0,0,0,0,0,0,0,0,0,0,0,0,0,0,0,0,0,0,0,0,0,0,0,0,0,0,0,0,0,0,0,0,0,0,0,0,0,0,0,0,0,0,0,0,0,0,0,0,0,0,0,0,0,0,0,0,0,0,0,0,0,0,0,0,0,0,0,0,0,0,0,0,0,0,0,0,0,0,0,0,0,0,0,0,0,0,0,0,0,0,0,0,0,0,0,0,0,0,0,0,0,0,0,0,0,0,0,0,0,0,0,0,0,0,0,0,0,0,0,0,0,0,0,0,0,0,0,0,0,0,0,0,0,0,0,0,0,0,0,0,0,0,0,0,0,0,0,0,0,0,0,0,0,0,0,0,0,0,0,0,0,0,0,0,0,0,0,0,0,0,0,0,0,0,0,0,0,0,0,0,0,0,0,0,0,0,0,0,0,0,0,0,0,0,0,0,0,0,0,0,0,0,0,0,0,0,0,0,0,0,0,0,0,0,0,0,0,0,0,0,0,0,0,0,0,0,0,0,0,0,0,0,0,0,0,0,0,0,0,0,0,0,0,0,0,0,0,0,0,0,0,0,0,0
377.559,125.989,60.5722,17.3293,3.75138,1.4737,1.24922,1.04755,1.02869,0.938147,0.38241,0.279455,0.169687,0.0410922,0.0141437,0.00739377,0.00155934,0.000819578,0.000300498,9.89205e-05,9.48938e-06,5.10706e-06,3.05708e-06,9.6149e-07,1.2034e-07,6.54177e-10,4.1141e-10,1.22532e-10,3.19096e-11,8.19189e-12,2.95097e-12,8.19567e-13,4.28102e-13,9.30367e-14,1.82077e-14,9.54792e-15,4.66294e-15,1.11022e-15,2.22045e-16,0,0,0,0,0,0,0,0,0,0,0,0,0,0,0,0,0,0,0,0,0,0,0,0,0,0,0,0,0,0,0,0,0,0,0,0,0,0,0,0,0,0,0,0,0,0,0,0,0,0,0,0,0,0,0,0,0,0,0,0,0,0,0,0,0,0,0,0,0,0,0,0,0,0,0,0,0,0,0,0,0,0,0,0,0,0,0,0,0,0,0,0,0,0,0,0,0,0,0,0,0,0,0,0,0,0,0,0,0,0,0,0,0,0,0,0,0,0,0,0,0,0,0,0,0,0,0,0,0,0,0,0,0,0,0,0,0,0,0,0,0,0,0,0,0,0,0,0,0,0,0,0,0,0,0,0,0,0,0,0,0,0,0,0,0,0,0,0,0,0,0,0,0,0,0,0,0,0,0,0,0,0,0,0,0,0,0,0,0,0,0,0,0,0,0,0,0,0,0,0,0,0,0,0,0,0,0,0,0,0,0,0,0,0,0,0,0,0,0,0,0,0,0,0,0,0,0,0,0,0,0,0,0,0,0,0,0,0,0,0,0,0,0,0,0,0,0,0,0,0,0,0,0,0,0,0,0,0,0,0,0
400.199,138.932,39.8934,19.2903,3.00507,1.81078,1.18161,1.13889,1.04261,1.01058,1.00944,0.523581,0.0861013,0.0525772,0.0255171,0.00353197,0.00192234,0.000594306,0.000441784,0.000149303,5.87081e-05,2.3098e-05,9.07363e-06,2.16334e-06,6.60168e-07,2.40934e-07,5.33669e-10,1.84974e-10,1.38881e-10,2.64275e-11,7.45515e-12,1.46572e-12,6.94333e-13,1.7053e-13,6.95e-14,9.99201e-15,3.9968e-15,6.66134e-16,2.22045e-16,2.22045e-16,0,0,0,0,0,0,0,0,0,0,0,0,0,0,0,0,0,0,0,0,0,0,0,0,0,0,0,0,0,0,0,0,0,0,0,0,0,0,0,0,0,0,0,0,0,0,0,0,0,0,0,0,0,0,0,0,0,0,0,0,0,0,0,0,0,0,0,0,0,0,0,0,0,0,0,0,0,0,0,0,0,0,0,0,0,0,0,0,0,0,0,0,0,0,0,0,0,0,0,0,0,0,0,0,0,0,0,0,0,0,0,0,0,0,0,0,0,0,0,0,0,0,0,0,0,0,0,0,0,0,0,0,0,0,0,0,0,0,0,0,0,0,0,0,0,0,0,0,0,0,0,0,0,0,0,0,0,0,0,0,0,0,0,0,0,0,0,0,0,0,0,0,0,0,0,0,0,0,0,0,0,0,0,0,0,0,0,0,0,0,0,0,0,0,0,0,0,0,0,0,0,0,0,0,0,0,0,0,0,0,0,0,0,0,0,0,0,0,0,0,0,0,0,0,0,0,0,0,0,0,0,0,0,0,0,0,0,0,0,0,0,0,0,0,0,0,0,0,0,0,0,0,0,0,0,0,0,0,0,0
254.586,92.3919,30.0231,6.43748,2.65304,1.75459,1.22411,1.09165,1.02851,1.01205,0.638078,0.281392,0.163485,0.0643664,0.0231783,0.0108979,0.00694827,0.000725328,0.000213385,2.50631e-05,1.09917e-05,2.94666e-06,8.40955e-07,6.19805e-08,6.01495e-08,1.91938e-10,5.62514e-11,4.19207e-11,5.15943e-12,3.73812e-12,1.33538e-12,1.30895e-12,2.90434e-13,1.38556e-13,3.77476e-14,6.43929e-15,4.66294e-15,8.88178e-16,8.88178e-16,0,0,0,0,0,0,0,0,0,0,0,0,0,0,0,0,0,0,0,0,0,0,0,0,0,0,0,0,0,0,0,0,0,0,0,0,0,0,0,0,0,0,0,0,0,0,0,0,0,0,0,0,0,0,0,0,0,0,0,0,0,0,0,0,0,0,0,0,0,0,0,0,0,0,0,0,0,0,0,0,0,0,0,0,0,0,0,0,0,0,0,0,0,0,0,0,0,0,0,0,0,0,0,0,0,0,0,0,0,0,0,0,0,0,0,0,0,0,0,0,0,0,0,0,0,0,0,0,0,0,0,0,0,0,0,0,0,0,0,0,0,0,0,0,0,0,0,0,0,0,0,0,0,0,0,0,0,0,0,0,0,0,0,0,0,0,0,0,0,0,0,0,0,0,0,0,0,0,0,0,0,0,0,0,0,0,0,0,0,0,0,0,0,0,0,0,0,0,0,0,0,0,0,0,0,0,0,0,0,0,0,0,0,0,0,0,0,0,0,0,0,0,0,0,0,0,0,0,0,0,0,0,0,0,0,0,0,0,0,0,0,0,0,0,0,0,0,0,0,0,0,0,0,0,0,0,0,0,0,0,0
230.842,80.7566,36.0149,23.8939,3.24759,2.00058,1.36833,1.13558,1.05557,1.01499,0.920638,0.339753,0.0593226,0.0135074,0.00260771,0.00126008,0.000589517,0.00038969,0.000269575,9.36515e-05,1.17188e-05,7.79433e-06,1.49954e-06,2.40396e-07,7.9e-10,2.9952e-10,7.87601e-11,1.30449e-11,9.52016e-12,4.73266e-12,9.07496e-13,3.69704e-13,2.18714e-13,5.55112e-14,2.10942e-14,5.9952e-15,2.88658e-15,4.44089e-16,0,0,0,0,0,0,0,0,0,0,0,0,0,0,0,0,0,0,0,0,0,0,0,0,0,0,0,0,0,0,0,0,0,0,0,0,0,0,0,0,0,0,0,0,0,0,0,0,0,0,0,0,0,0,0,0,0,0,0,0,0,0,0,0,0,0,0,0,0,0,0,0,0,0,0,0,0,0,0,0,0,0,0,0,0,0,0,0,0,0,0,0,0,0,0,0,0,0,0,0,0,0,0,0,0,0,0,0,0,0,0,0,0,0,0,0,0,0,0,0,0,0,0,0,0,0,0,0,0,0,0,0,0,0,0,0,0,0,0,0,0,0,0,0,0,0,0,0,0,0,0,0,0,0,0,0,0,0,0,0,0,0,0,0,0,0,0,0,0,0,0,0,0,0,0,0,0,0,0,0,0,0,0,0,0,0,0,0,0,0,0,0,0,0,0,0,0,0,0,0,0,0,0,0,0,0,0,0,0,0,0,0,0,0,0,0,0,0,0,0,0,0,0,0,0,0,0,0,0,0,0,0,0,0,0,0,0,0,0,0,0,0,0,0,0,0,0,0,0,0,0,0,0,0,0,0,0,0,0,0,0,0
337.109,63.6928,26.9684,7.36153,2.46522,1.64797,1.30472,1.12702,1.02472,0.988156,0.871039,0.606272,0.183943,0.0721296,0.0148637,0.00678548,0.00143727,0.000441659,0.000118172,3.91561e-05,2.76197e-06,6.59815e-07,1.21136e-07,8.07627e-10,5.09384e-10,1.72116e-10,5.35894e-11,5.35876e-11,1.57494e-11,5.00311e-12,2.20424e-12,5.83977e-13,2.66676e-13,4.39648e-14,1.79856e-14,4.44089e-15,1.77636e-15,4.44089e-16,2.22045e-16,2.22045e-16,0,0,0,0,0,0,0,0,0,0,0,0,0,0,0,0,0,0,0,0,0,0,0,0,0,0,0,0,0,0,0,0,0,0,0,0,0,0,0,0,0,0,0,0,0,0,0,0,0,0,0,0,0,0,0,0,0,0,0,0,0,0,0,0,0,0,0,0,0,0,0,0,0,0,0,0,0,0,0,0,0,0,0,0,0,0,0,0,0,0,0,0,0,0,0,0,0,0,0,0,0,0,0,0,0,0,0,0,0,0,0,0,0,0,0,0,0,0,0,0,0,0,0,0,0,0,0,0,0,0,0,0,0,0,0,0,0,0,0,0,0,0,0,0,0,0,0,0,0,0,0,0,0,0,0,0,0,0,0,0,0,0,0,0,0,0,0,0,0,0,0,0,0,0,0,0,0,0,0,0,0,0,0,0,0,0,0,0,0,0,0,0,0,0,0,0,0,0,0,0,0,0,0,0,0,0,0,0,0,0,0,0,0,0,0,0,0,0,0,0,0,0,0,0,0,0,0,0,0,0,0,0,0,0,0,0,0,0,0,0,0,0,0,0,0,0,0,0,0,0,0,0,0,0,0,0,0,0,0,0
90.5681,40.5005,11.4006,2.25177,1.65926,1.20036,1.07663,1.01773,0.933533,0.524761,0.13179,0.0291056,0.00775631,0.00294024,0.00209782,0.00070838,0.000313504,0.000149169,3.09981e-05,8.35369e-06,5.90804e-06,1.62912e-06,5.44359e-07,1.21196e-07,6.03695e-08,2.08504e-10,6.01554e-11,5.00306e-11,3.35094e-11,1.22991e-11,3.96816e-12,1.14686e-12,1.5965e-13,4.32987e-14,2.88658e-14,5.77316e-15,1.77636e-15,8.88178e-16,4.44089e-16,0,0,0,0,0,0,0,0,0,0,0,0,0,0,0,0,0,0,0,0,0,0,0,0,0,0,0,0,0,0,0,0,0,0,0,0,0,0,0,0,0,0,0,0,0,0,0,0,0,0,0,0,0,0,0,0,0,0,0,0,0,0,0,0,0,0,0,0,0,0,0,0,0,0,0,0,0,0,0,0,0,0,0,0,0,0,0,0,0,0,0,0,0,0,0,0,0,0,0,0,0,0,0,0,0,0,0,0,0,0,0,0,0,0,0,0,0,0,0,0,0,0,0,0,0,0,0,0,0,0,0,0,0,0,0,0,0,0,0,0,0,0,0,0,0,0,0,0,0,0,0,0,0,0,0,0,0,0,0,0,0,0,0,0,0,0,0,0,0,0,0,0,0,0,0,0,0,0,0,0,0,0,0,0,0,0,0,0,0,0,0,0,0,0,0,0,0,0,0,0,0,0,0,0,0,0,0,0,0,0,0,0,0,0,0,0,0,0,0,0,0,0,0,0,0,0,0,0,0,0,0,0,0,0,0,0,0,0,0,0,0,0,0,0,0,0,0,0,0,0,0,0,0,0,0,0,0,0,0,0,0
239.737,46.3987,9.46362,6.68774,4.74306,2.50169,1.32499,1.07753,1.03348,0.942351,0.885754,0.533915,0.332526,0.0708064,0.0286413,0.00769568,0.00332285,0.00147667,0.000330681,0.000106327,2.83587e-05,2.06909e-05,6.9091e-06,1.32156e-06,3.61745e-07,6.07165e-08,2.33194e-10,1.81382e-11,4.94538e-12,2.86549e-12,2.10276e-13,1.12577e-13,6.08402e-14,1.35447e-14,5.77316e-15,1.11022e-15,4.44089e-16,2.22045e-16,0,0,0,0,0,0,0,0,0,0,0,0,0,0,0,0,0,0,0,0,0,0,0,0,0,0,0,0,0,0,0,0,0,0,0,0,0,0,0,0,0,0,0,0,0,0,0,0,0,0,0,0,0,0,0,0,0,0,0,0,0,0,0,0,0,0,0,0,0,0,0,0,0,0,0,0,0,0,0,0,0,0,0,0,0,0,0,0,0,0,0,0,0,0,0,0,0,0,0,0,0,0,0,0,0,0,0,0,0,0,0,0,0,0,0,0,0,0,0,0,0,0,0,0,0,0,0,0,0,0,0,0,0,0,0,0,0,0,0,0,0,0,0,0,0,0,0,0,0,0,0,0,0,0,0,0,0,0,0,0,0,0,0,0,0,0,0,0,0,0,0,0,0,0,0,0,0,0,0,0,0,0,0,0,0,0,0,0,0,0,0,0,0,0,0,0,0,0,0,0,0,0,0,0,0,0,0,0,0,0,0,0,0,0,0,0,0,0,0,0,0,0,0,0,0,0,0,0,0,0,0,0,0,0,0,0,0,0,0,0,0,0,0,0,0,0,0,0,0,0,0,0,0,0,0,0,0,0,0,0,0,0
337.869,54.4428,33.7312,10.8139,5.10529,2.43151,1.59085,1.14551,1.08816,1.02019,0.866259,0.289324,0.157971,0.0417241,0.0348825,0.00553139,0.00274425,0.000601191,7.91821e-05,7.48449e-05,1.15947e-05,4.80122e-06,8.41173e-07,1.81557e-07,1.03693e-09,4.73263e-10,1.2221e-10,5.95077e-11,6.77725e-12,3.61489e-12,1.20748e-12,8.40661e-13,3.09752e-13,1.04583e-13,8.01581e-14,1.35447e-14,7.32747e-15,1.11022e-15,1.11022e-15,4.44089e-16,2.22045e-16,0,0,0,0,0,0,0,0,0,0,0,0,0,0,0,0,0,0,0,0,0,0,0,0,0,0,0,0,0,0,0,0,0,0,0,0,0,0,0,0,0,0,0,0,0,0,0,0,0,0,0,0,0,0,0,0,0,0,0,0,0,0,0,0,0,0,0,0,0,0,0,0,0,0,0,0,0,0,0,0,0,0,0,0,0,0,0,0,0,0,0,0,0,0,0,0,0,0,0,0,0,0,0,0,0,0,0,0,0,0,0,0,0,0,0,0,0,0,0,0,0,0,0,0,0,0,0,0,0,0,0,0,0,0,0,0,0,0,0,0,0,0,0,0,0,0,0,0,0,0,0,0,0,0,0,0,0,0,0,0,0,0,0,0,0,0,0,0,0,0,0,0,0,0,0,0,0,0,0,0,0,0,0,0,0,0,0,0,0,0,0,0,0,0,0,0,0,0,0,0,0,0,0,0,0,0,0,0,0,0,0,0,0,0,0,0,0,0,0,0,0,0,0,0,0,0,0,0,0,0,0,0,0,0,0,0,0,0,0,0,0,0,0,0,0,0,0,0,0,0,0,0,0,0,0,0,0,0,0
169.763,50.4726,9.95762,5.51599,4.40422,2.18102,1.42198,1.03787,1.02147,0.81972,0.811393,0.239583,0.198978,0.0582803,0.0282904,0.00591525,0.00207048,0.00116135,0.000319966,4.70932e-05,2.76791e-05,1.10499e-05,4.92987e-06,1.50209e-06,1.08107e-06,4.20563e-07,1.81193e-07,4.5761e-10,1.63938e-10,1.26433e-10,1.07614e-10,2.89893e-11,9.29123e-12,1.10156e-12,4.91163e-13,2.7045e-13,1.53655e-13,3.04201e-14,7.99361e-15,3.55271e-15,6.66134e-16,2.22045e-16,0,0,0,0,0,0,0,0,0,0,0,0,0,0,0,0,0,0,0,0,0,0,0,0,0,0,0,0,0,0,0,0,0,0,0,0,0,0,0,0,0,0,0,0,0,0,0,0,0,0,0,0,0,0,0,0,0,0,0,0,0,0,0,0,0,0,0,0,0,0,0,0,0,0,0,0,0,0,0,0,0,0,0,0,0,0,0,0,0,0,0,0,0,0,0,0,0,0,0,0,0,0,0,0,0,0,0,0,0,0,0,0,0,0,0,0,0,0,0,0,0,0,0,0,0,0,0,0,0,0,0,0,0,0,0,0,0,0,0,0,0,0,0,0,0,0,0,0,0,0,0,0,0,0,0,0,0,0,0,0,0,0,0,0,0,0,0,0,0,0,0,0,0,0,0,0,0,0,0,0,0,0,0,0,0,0,0,0,0,0,0,0,0,0,0,0,0,0,0,0,0,0,0,0,0,0,0,0,0,0,0,0,0,0,0,0,0,0,0,0,0,0,0,0,0,0,0,0,0,0,0,0,0,0,0,0,0,0,0,0,0,0,0,0,0,0,0,0,0,0,0,0,0,0,0,0,0,0
338.222,74.3381,37.0539,9.7309,4.39836,2.10318,1.17576,1.14178,1.03232,0.878121,0.457982,0.384487,0.120749,0.0417305,0.020672,0.00863215,0.00224691,0.000512556,0.000322752,5.50924e-05,2.0156e-05,7.40189e-06,5.47222e-06,1.14291e-06,6.63464e-07,6.17995e-08,4.29772e-10,1.33932e-10,3.6398e-11,1.64375e-11,9.03477e-12,4.96492e-12,5.51559e-13,5.27134e-13,1.19682e-13,1.06137e-13,1.86517e-14,1.08802e-14,3.10862e-15,1.11022e-15,4.44089e-16,2.22045e-16,0,0,0,0,0,0,0,0,0,0,0,0,0,0,0,0,0,0,0,0,0,0,0,0,0,0,0,0,0,0,0,0,0,0,0,0,0,0,0,0,0,0,0,0,0,0,0,0,0,0,0,0,0,0,0,0,0,0,0,0,0,0,0,0,0,0,0,0,0,0,0,0,0,0,0,0,0,0,0,0,0,0,0,0,0,0,0,0,0,0,0,0,0,0,0,0,0,0,0,0,0,0,0,0,0,0,0,0,0,0,0,0,0,0,0,0,0,0,0,0,0,0,0,0,0,0,0,0,0,0,0,0,0,0,0,0,0,0,0,0,0,0,0,0,0,0,0,0,0,0,0,0,0,0,0,0,0,0,0,0,0,0,0,0,0,0,0,0,0,0,0,0,0,0,0,0,0,0,0,0,0,0,0,0,0,0,0,0,0,0,0,0,0,0,0,0,0,0,0,0,0,0,0,0,0,0,0,0,0,0,0,0,0,0,0,0,0,0,0,0,0,0,0,0,0,0,0,0,0,0,0,0,0,0,0,0,0,0,0,0,0,0,0,0,0,0,0,0,0,0,0,0,0,0,0,0,0,0
475.462,116.752,27.2928,11.926,4.14506,1.79894,1.57119,1.16714,1.07023,1.01597,0.901291,0.516299,0.381016,0.322952,0.0723916,0.0282417,0.0111168,0.0026083,0.000645958,0.000567743,0.000183068,4.63644e-05,9.85692e-06,9.84962e-06,1.86313e-06,7.81734e-07,1.81017e-07,3.08539e-10,8.61284e-11,2.64564e-11,5.63749e-12,3.10751e-12,6.35714e-13,2.09388e-13,2.4647e-14,8.88178e-15,8.88178e-16,8.88178e-16,4.44089e-16,2.22045e-16,0,0,0,0,0,0,0,0,0,0,0,0,0,0,0,0,0,0,0,0,0,0,0,0,0,0,0,0,0,0,0,0,0,0,0,0,0,0,0,0,0,0,0,0,0,0,0,0,0,0,0,0,0,0,0,0,0,0,0,0,0,0,0,0,0,0,0,0,0,0,0,0,0,0,0,0,0,0,0,0,0,0,0,0,0,0,0,0,0,0,0,0,0,0,0,0,0,0,0,0,0,0,0,0,0,0,0,0,0,0,0,0,0,0,0,0,0,0,0,0,0,0,0,0,0,0,0,0,0,0,0,0,0,0,0,0,0,0,0,0,0,0,0,0,0,0,0,0,0,0,0,0,0,0,0,0,0,0,0,0,0,0,0,0,0,0,0,0,0,0,0,0,0,0,0,0,0,0,0,0,0,0,0,0,0,0,0,0,0,0,0,0,0,0,0,0,0,0,0,0,0,0,0,0,0,0,0,0,0,0,0,0,0,0,0,0,0,0,0,0,0,0,0,0,0,0,0,0,0,0,0,0,0,0,0,0,0,0,0,0,0,0,0,0,0,0,0,0,0,0,0,0,0,0,0,0,0,0,0,0
321.544,106.648,24.601,7.63875,2.54015,1.4678,1.26137,1.01827,0.856081,0.527503,0.442964,0.429822,0.329832,0.146561,0.0463661,0.0424458,0.00778046,0.0018676,0.000997168,0.000104746,8.57056e-05,1.93448e-05,3.54852e-06,3.2472e-06,6.60094e-07,4.45182e-10,1.99881e-10,1.22578e-10,5.13141e-11,8.47833e-12,1.65601e-12,9.90985e-13,1.40776e-13,1.36779e-13,1.93179e-14,4.44089e-15,1.33227e-15,4.44089e-16,2.22045e-16,0,0,0,0,0,0,0,0,0,0,0,0,0,0,0,0,0,0,0,0,0,0,0,0,0,0,0,0,0,0,0,0,0,0,0,0,0,0,0,0,0,0,0,0,0,0,0,0,0,0,0,0,0,0,0,0,0,0,0,0,0,0,0,0,0,0,0,0,0,0,0,0,0,0,0,0,0,0,0,0,0,0,0,0,0,0,0,0,0,0,0,0,0,0,0,0,0,0,0,0,0,0,0,0,0,0,0,0,0,0,0,0,0,0,0,0,0,0,0,0,0,0,0,0,0,0,0,0,0,0,0,0,0,0,0,0,0,0,0,0,0,0,0,0,0,0,0,0,0,0,0,0,0,0,0,0,0,0,0,0,0,0,0,0,0,0,0,0,0,0,0,0,0,0,0,0,0,0,0,0,0,0,0,0,0,0,0,0,0,0,0,0,0,0,0,0,0,0,0,0,0,0,0,0,0,0,0,0,0,0,0,0,0,0,0,0,0,0,0,0,0,0,0,0,0,0,0,0,0,0,0,0,0,0,0,0,0,0,0,0,0,0,0,0,0,0,0,0,0,0,0,0,0,0,0,0,0,0,0,0,0
327.171,132.053,21.6153,8.12085,3.25042,1.64603,1.60122,1.08816,0.905379,0.396891,0.258073,0.042632,0.0200665,0.00561098,0.00358782,0.000689253,0.000417547,0.000321301,7.96671e-05,3.0715e-05,1.02252e-05,4.3866e-06,1.98067e-06,5.42444e-07,4.82757e-07,1.20469e-07,1.68473e-09,1.64392e-09,1.26404e-10,4.92881e-11,8.83404e-12,3.8558e-12,8.47544e-13,6.08846e-13,1.53433e-13,6.01741e-14,9.10383e-15,1.55431e-15,4.44089e-16,0,0,0,0,0,0,0,0,0,0,0,0,0,0,0,0,0,0,0,0,0,0,0,0,0,0,0,0,0,0,0,0,0,0,0,0,0,0,0,0,0,0,0,0,0,0,0,0,0,0,0,0,0,0,0,0,0,0,0,0,0,0,0,0,0,0,0,0,0,0,0,0,0,0,0,0,0,0,0,0,0,0,0,0,0,0,0,0,0,0,0,0,0,0,0,0,0,0,0,0,0,0,0,0,0,0,0,0,0,0,0,0,0,0,0,0,0,0,0,0,0,0,0,0,0,0,0,0,0,0,0,0,0,0,0,0,0,0,0,0,0,0,0,0,0,0,0,0,0,0,0,0,0,0,0,0,0,0,0,0,0,0,0,0,0,0,0,0,0,0,0,0,0,0,0,0,0,0,0,0,0,0,0,0,0,0,0,0,0,0,0,0,0,0,0,0,0,0,0,0,0,0,0,0,0,0,0,0,0,0,0,0,0,0,0,0,0,0,0,0,0,0,0,0,0,0,0,0,0,0,0,0,0,0,0,0,0,0,0,0,0,0,0,0,0,0,0,0,0,0,0,0,0,0,0,0,0,0,0,0,0
307.558,160.174,49.2728,15.2758,5.47398,1.65137,1.16211,1.05097,1.02392,0.97723,0.656143,0.253972,0.0734111,0.0733889,0.0218028,0.00462104,0.00210664,0.000748154,0.000270356,0.000130388,5.95845e-05,9.66774e-06,2.52153e-06,1.14245e-06,1.20741e-07,9.44726e-10,1.23419e-10,9.41893e-11,4.89802e-11,1.51112e-11,5.34994e-12,1.38178e-12,2.04725e-13,9.68114e-14,4.59632e-14,1.28786e-14,9.99201e-15,4.44089e-15,1.77636e-15,4.44089e-16,2.22045e-16,0,0,0,0,0,0,0,0,0,0,0,0,0,0,0,0,0,0,0,0,0,0,0,0,0,0,0,0,0,0,0,0,0,0,0,0,0,0,0,0,0,0,0,0,0,0,0,0,0,0,0,0,0,0,0,0,0,0,0,0,0,0,0,0,0,0,0,0,0,0,0,0,0,0,0,0,0,0,0,0,0,0,0,0,0,0,0,0,0,0,0,0,0,0,0,0,0,0,0,0,0,0,0,0,0,0,0,0,0,0,0,0,0,0,0,0,0,0,0,0,0,0,0,0,0,0,0,0,0,0,0,0,0,0,0,0,0,0,0,0,0,0,0,0,0,0,0,0,0,0,0,0,0,0,0,0,0,0,0,0,0,0,0,0,0,0,0,0,0,0,0,0,0,0,0,0,0,0,0,0,0,0,0,0,0,0,0,0,0,0,0,0,0,0,0,0,0,0,0,0,0,0,0,0,0,0,0,0,0,0,0,0,0,0,0,0,0,0,0,0,0,0,0,0,0,0,0,0,0,0,0,0,0,0,0,0,0,0,0,0,0,0,0,0,0,0,0,0,0,0,0,0,0,0,0,0,0,0,0
384.285,141.765,45.5594,33.9332,14.7349,5.97021,2.13742,1.91734,1.22989,1.20246,1.03612,0.971355,0.781745,0.449982,0.118283,0.0560665,0.019063,0.0107871,0.00285514,0.000913401,0.00022399,8.84013e-05,1.71568e-05,6.31466e-06,1.32406e-06,4.21445e-07,1.21474e-07,1.04627e-10,8.52898e-11,2.16922e-11,1.16822e-11,3.80762e-12,7.30527e-13,3.80584e-13,1.34115e-13,4.88498e-14,1.62093e-14,8.65974e-15,2.44249e-15,1.11022e-15,2.22045e-16,0,0,0,0,0,0,0,0,0,0,0,0,0,0,0,0,0,0,0,0,0,0,0,0,0,0,0,0,0,0,0,0,0,0,0,0,0,0,0,0,0,0,0,0,0,0,0,0,0,0,0,0,0,0,0,0,0,0,0,0,0,0,0,0,0,0,0,0,0,0,0,0,0,0,0,0,0,0,0,0,0,0,0,0,0,0,0,0,0,0,0,0,0,0,0,0,0,0,0,0,0,0,0,0,0,0,0,0,0,0,0,0,0,0,0,0,0,0,0,0,0,0,0,0,0,0,0,0,0,0,0,0,0,0,0,0,0,0,0,0,0,0,0,0,0,0,0,0,0,0,0,0,0,0,0,0,0,0,0,0,0,0,0,0,0,0,0,0,0,0,0,0,0,0,0,0,0,0,0,0,0,0,0,0,0,0,0,0,0,0,0,0,0,0,0,0,0,0,0,0,0,0,0,0,0,0,0,0,0,0,0,0,0,0,0,0,0,0,0,0,0,0,0,0,0,0,0,0,0,0,0,0,0,0,0,0,0,0,0,0,0,0,0,0,0,0,0,0,0,0,0,0,0,0,0,0,0,0,0
326.853,54.2564,48.7818,15.7902,7.55308,2.66234,1.5134,1.1892,1.05128,1.02157,0.981763,0.46803,0.281266,0.0436171,0.0435361,0.0146191,0.00380865,0.00182479,0.000677126,0.000175902,5.36979e-05,2.10794e-05,5.52381e-06,5.34328e-06,1.14067e-06,1.20404e-09,3.56657e-10,2.14271e-10,1.06486e-10,6.86786e-11,1.04559e-11,3.33022e-12,1.18905e-12,9.4369e-13,3.04645e-13,1.13909e-13,2.55351e-14,1.11022e-14,2.66454e-15,1.55431e-15,6.66134e-16,2.22045e-16,0,0,0,0,0,0,0,0,0,0,0,0,0,0,0,0,0,0,0,0,0,0,0,0,0,0,0,0,0,0,0,0,0,0,0,0,0,0,0,0,0,0,0,0,0,0,0,0,0,0,0,0,0,0,0,0,0,0,0,0,0,0,0,0,0,0,0,0,0,0,0,0,0,0,0,0,0,0,0,0,0,0,0,0,0,0,0,0,0,0,0,0,0,0,0,0,0,0,0,0,0,0,0,0,0,0,0,0,0,0,0,0,0,0,0,0,0,0,0,0,0,0,0,0,0,0,0,0,0,0,0,0,0,0,0,0,0,0,0,0,0,0,0,0,0,0,0,0,0,0,0,0,0,0,0,0,0,0,0,0,0,0,0,0,0,0,0,0,0,0,0,0,0,0,0,0,0,0,0,0,0,0,0,0,0,0,0,0,0,0,0,0,0,0,0,0,0,0,0,0,0,0,0,0,0,0,0,0,0,0,0,0,0,0,0,0,0,0,0,0,0,0,0,0,0,0,0,0,0,0,0,0,0,0,0,0,0,0,0,0,0,0,0,0,0,0,0,0,0,0,0,0,0,0,0,0,0,0
293.36,90.7401,25.3525,11.776,4.56164,2.77062,1.55774,1.0755,1.06037,1.00506,0.71718,0.14934,0.0781357,0.0215243,0.0102852,0.00203665,0.00108539,0.000804093,0.000120555,2.66371e-05,9.84015e-06,4.37908e-06,1.26538e-06,3.01875e-07,6.21018e-08,7.23693e-10,2.21404e-10,2.03319e-10,1.55534e-10,7.40064e-11,8.88667e-12,2.34168e-12,5.22471e-13,2.0961e-13,6.26166e-14,1.31006e-14,3.77476e-15,1.11022e-15,4.44089e-16,2.22045e-16,0,0,0,0,0,0,0,0,0,0,0,0,0,0,0,0,0,0,0,0,0,0,0,0,0,0,0,0,0,0,0,0,0,0,0,0,0,0,0,0,0,0,0,0,0,0,0,0,0,0,0,0,0,0,0,0,0,0,0,0,0,0,0,0,0,0,0,0,0,0,0,0,0,0,0,0,0,0,0,0,0,0,0,0,0,0,0,0,0,0,0,0,0,0,0,0,0,0,0,0,0,0,0,0,0,0,0,0,0,0,0,0,0,0,0,0,0,0,0,0,0,0,0,0,0,0,0,0,0,0,0,0,0,0,0,0,0,0,0,0,0,0,0,0,0,0,0,0,0,0,0,0,0,0,0,0,0,0,0,0,0,0,0,0,0,0,0,0,0,0,0,0,0,0,0,0,0,0,0,0,0,0,0,0,0,0,0,0,0,0,0,0,0,0,0,0,0,0,0,0,0,0,0,0,0,0,0,0,0,0,0,0,0,0,0,0,0,0,0,0,0,0,0,0,0,0,0,0,0,0,0,0,0,0,0,0,0,0,0,0,0,0,0,0,0,0,0,0,0,0,0,0,0,0,0,0,0,0,0,0
138.653,64.1369,10.6735,3.53978,1.84909,1.18254,1.17534,1.09528,0.989018,0.260515,0.239332,0.104947,0.0324365,0.0137049,0.00627034,0.00182557,0.00175137,0.000586017,0.000307444,8.27975e-05,2.0354e-05,3.30734e-06,2.7031e-06,5.40551e-07,6.13539e-08,2.376e-10,8.31697e-11,3.46456e-12,1.4464e-12,3.89022e-13,1.21014e-13,1.86517e-14,7.10543e-15,2.88658e-15,1.77636e-15,6.66134e-16,2.22045e-16,0,0,0,0,0,0,0,0,0,0,0,0,0,0,0,0,0,0,0,0,0,0,0,0,0,0,0,0,0,0,0,0,0,0,0,0,0,0,0,0,0,0,0,0,0,0,0,0,0,0,0,0,0,0,0,0,0,0,0,0,0,0,0,0,0,0,0,0,0,0,0,0,0,0,0,0,0,0,0,0,0,0,0,0,0,0,0,0,0,0,0,0,0,0,0,0,0,0,0,0,0,0,0,0,0,0,0,0,0,0,0,0,0,0,0,0,0,0,0,0,0,0,0,0,0,0,0,0,0,0,0,0,0,0,0,0,0,0,0,0,0,0,0,0,0,0,0,0,0,0,0,0,0,0,0,0,0,0,0,0,0,0,0,0,0,0,0,0,0,0,0,0,0,0,0,0,0,0,0,0,0,0,0,0,0,0,0,0,0,0,0,0,0,0,0,0,0,0,0,0,0,0,0,0,0,0,0,0,0,0,0,0,0,0,0,0,0,0,0,0,0,0,0,0,0,0,0,0,0,0,0,0,0,0,0,0,0,0,0,0,0,0,0,0,0,0,0,0,0,0,0,0,0,0,0,0,0,0,0,0,0,0,0
366.239,85.6186,11.3687,5.00387,3.8577,1.61569,1.12978,1.09645,0.816221,0.79453,0.27857,0.246681,0.237177,0.222768,0.197096,0.163126,0.148507,0.131228,0.12864,0.122503,0.122185,0.019562,0.0179934,0.0119198,0.00192193,0.00117923,0.000769781,0.000117825,8.80306e-05,1.97353e-05,1.83445e-05,1.4927e-05,3.24608e-06,1.86862e-06,4.81931e-07,6.00198e-08,1.33521e-10,3.83082e-11,2.3574e-11,1.81857e-11,4.95692e-12,5.47562e-13,3.34177e-13,9.4813e-14,4.996e-14,1.75415e-14,2.66454e-15,2.22045e-15,6.66134e-16,2.22045e-16,2.22045e-16,0,0,0,0,0,0,0,0,0,0,0,0,0,0,0,0,0,0,0,0,0,0,0,0,0,0,0,0,0,0,0,0,0,0,0,0,0,0,0,0,0,0,0,0,0,0,0,0,0,0,0,0,0,0,0,0,0,0,0,0,0,0,0,0,0,0,0,0,0,0,0,0,0,0,0,0,0,0,0,0,0,0,0,0,0,0,0,0,0,0,0,0,0,0,0,0,0,0,0,0,0,0,0,0,0,0,0,0,0,0,0,0,0,0,0,0,0,0,0,0,0,0,0,0,0,0,0,0,0,0,0,0,0,0,0,0,0,0,0,0,0,0,0,0,0,0,0,0,0,0,0,0,0,0,0,0,0,0,0,0,0,0,0,0,0,0,0,0,0,0,0,0,0,0,0,0,0,0,0,0,0,0,0,0,0,0,0,0,0,0,0,0,0,0,0,0,0,0,0,0,0,0,0,0,0,0,0,0,0,0,0,0,0,0,0,0,0,0,0,0,0,0,0,0,0,0,0,0,0,0,0,0,0,0,0,0,0,0,0,0,0,0,0,0,0,0,0,0,0
389.329,104.354,18.8204,12.7159,4.48536,3.58714,2.29006,1.2287,1.09998,0.97501,0.953255,0.893628,0.510557,0.0702543,0.0342026,0.0135625,0.00223677,0.000806331,0.000252032,5.31685e-05,2.88714e-05,1.3465e-05,1.25779e-06,3.61232e-07,6.10989e-08,4.80443e-10,1.96779e-10,3.65641e-11,5.07128e-12,1.94822e-12,1.40288e-12,7.22311e-13,1.83409e-13,1.34115e-13,4.75175e-14,4.88498e-15,1.55431e-15,6.66134e-16,0,0,0,0,0,0,0,0,0,0,0,0,0,0,0,0,0,0,0,0,0,0,0,0,0,0,0,0,0,0,0,0,0,0,0,0,0,0,0,0,0,0,0,0,0,0,0,0,0,0,0,0,0,0,0,0,0,0,0,0,0,0,0,0,0,0,0,0,0,0,0,0,0,0,0,0,0,0,0,0,0,0,0,0,0,0,0,0,0,0,0,0,0,0,0,0,0,0,0,0,0,0,0,0,0,0,0,0,0,0,0,0,0,0,0,0,0,0,0,0,0,0,0,0,0,0,0,0,0,0,0,0,0,0,0,0,0,0,0,0,0,0,0,0,0,0,0,0,0,0,0,0,0,0,0,0,0,0,0,0,0,0,0,0,0,0,0,0,0,0,0,0,0,0,0,0,0,0,0,0,0,0,0,0,0,0,0,0,0,0,0,0,0,0,0,0,0,0,0,0,0,0,0,0,0,0,0,0,0,0,0,0,0,0,0,0,0,0,0,0,0,0,0,0,0,0,0,0,0,0,0,0,0,0,0,0,0,0,0,0,0,0,0,0,0,0,0,0,0,0,0,0,0,0,0,0,0,0,0,0,0,0
344.275,38.6689,6.70151,5.7038,3.49662,2.36247,1.81299,1.30143,1.145,1.03937,0.980518,0.970758,0.848004,0.42717,0.271626,0.068517,0.0219251,0.0179346,0.0106995,0.00328717,0.000643496,0.000257886,0.000155216,6.63633e-05,1.18298e-05,3.96983e-06,9.65062e-07,4.83914e-07,4.82432e-10,4.54587e-10,1.21395e-10,3.62415e-11,1.78164e-11,7.54463e-12,1.99618e-12,1.69775e-12,1.96287e-13,1.28786e-13,5.70655e-14,2.81997e-14,6.43929e-15,2.22045e-15,6.66134e-16,2.22045e-16,0,0,0,0,0,0,0,0,0,0,0,0,0,0,0,0,0,0,0,0,0,0,0,0,0,0,0,0,0,0,0,0,0,0,0,0,0,0,0,0,0,0,0,0,0,0,0,0,0,0,0,0,0,0,0,0,0,0,0,0,0,0,0,0,0,0,0,0,0,0,0,0,0,0,0,0,0,0,0,0,0,0,0,0,0,0,0,0,0,0,0,0,0,0,0,0,0,0,0,0,0,0,0,0,0,0,0,0,0,0,0,0,0,0,0,0,0,0,0,0,0,0,0,0,0,0,0,0,0,0,0,0,0,0,0,0,0,0,0,0,0,0,0,0,0,0,0,0,0,0,0,0,0,0,0,0,0,0,0,0,0,0,0,0,0,0,0,0,0,0,0,0,0,0,0,0,0,0,0,0,0,0,0,0,0,0,0,0,0,0,0,0,0,0,0,0,0,0,0,0,0,0,0,0,0,0,0,0,0,0,0,0,0,0,0,0,0,0,0,0,0,0,0,0,0,0,0,0,0,0,0,0,0,0,0,0,0,0,0,0,0,0,0,0,0,0,0,0,0,0,0,0,0,0,0,0
195.111,13.1441,9.93172,4.56267,2.65135,1.22926,1.13189,1.00327,0.588916,0.184806,0.108686,0.0283432,0.0134227,0.00954769,0.00266213,0.000857389,0.000286128,8.43863e-05,1.1168e-05,6.71265e-06,3.59593e-06,4.21213e-07,4.21213e-07,6.07784e-08,2.44641e-10,2.32957e-10,4.56195e-11,2.32934e-11,7.18825e-12,1.98019e-12,4.49196e-13,1.40554e-13,7.54952e-14,2.22045e-14,9.10383e-15,4.44089e-15,8.88178e-16,2.22045e-16,0,0,0,0,0,0,0,0,0,0,0,0,0,0,0,0,0,0,0,0,0,0,0,0,0,0,0,0,0,0,0,0,0,0,0,0,0,0,0,0,0,0,0,0,0,0,0,0,0,0,0,0,0,0,0,0,0,0,0,0,0,0,0,0,0,0,0,0,0,0,0,0,0,0,0,0,0,0,0,0,0,0,0,0,0,0,0,0,0,0,0,0,0,0,0,0,0,0,0,0,0,0,0,0,0,0,0,0,0,0,0,0,0,0,0,0,0,0,0,0,0,0,0,0,0,0,0,0,0,0,0,0,0,0,0,0,0,0,0,0,0,0,0,0,0,0,0,0,0,0,0,0,0,0,0,0,0,0,0,0,0,0,0,0,0,0,0,0,0,0,0,0,0,0,0,0,0,0,0,0,0,0,0,0,0,0,0,0,0,0,0,0,0,0,0,0,0,0,0,0,0,0,0,0,0,0,0,0,0,0,0,0,0,0,0,0,0,0,0,0,0,0,0,0,0,0,0,0,0,0,0,0,0,0,0,0,0,0,0,0,0,0,0,0,0,0,0,0,0,0,0,0,0,0,0,0,0,0,0,0,0,0
428.042,111.33,51.1782,6.16155,5.9726,2.0095,1.55339,1.27366,1.09015,1.04613,1.00569,0.850556,0.442493,0.0940727,0.037406,0.0175869,0.00346133,0.00133443,0.000425968,0.000134641,4.0808e-05,1.02051e-05,2.10103e-06,1.07959e-06,6.02507e-08,3.76608e-10,5.99765e-11,1.20786e-11,3.90821e-12,2.02682e-12,2.95541e-13,1.46327e-13,8.01581e-14,1.06581e-14,6.66134e-15,2.44249e-15,4.44089e-16,0,0,0,0,0,0,0,0,0,0,0,0,0,0,0,0,0,0,0,0,0,0,0,0,0,0,0,0,0,0,0,0,0,0,0,0,0,0,0,0,0,0,0,0,0,0,0,0,0,0,0,0,0,0,0,0,0,0,0,0,0,0,0,0,0,0,0,0,0,0,0,0,0,0,0,0,0,0,0,0,0,0,0,0,0,0,0,0,0,0,0,0,0,0,0,0,0,0,0,0,0,0,0,0,0,0,0,0,0,0,0,0,0,0,0,0,0,0,0,0,0,0,0,0,0,0,0,0,0,0,0,0,0,0,0,0,0,0,0,0,0,0,0,0,0,0,0,0,0,0,0,0,0,0,0,0,0,0,0,0,0,0,0,0,0,0,0,0,0,0,0,0,0,0,0,0,0,0,0,0,0,0,0,0,0,0,0,0,0,0,0,0,0,0,0,0,0,0,0,0,0,0,0,0,0,0,0,0,0,0,0,0,0,0,0,0,0,0,0,0,0,0,0,0,0,0,0,0,0,0,0,0,0,0,0,0,0,0,0,0,0,0,0,0,0,0,0,0,0,0,0,0,0,0,0,0,0,0,0,0,0,0,0
418.185,104.879,33.7876,8.32434,2.50452,1.70252,1.29477,1.10081,1.05553,0.973311,0.925893,0.716187,0.579341,0.27366,0.19326,0.0870913,0.0751933,0.045633,0.00924239,0.00348594,0.00109035,0.000523267,9.65232e-05,3.74851e-05,6.17655e-06,2.28036e-06,1.08064e-06,1.21019e-07,8.55303e-10,8.18727e-11,2.39777e-11,8.84559e-12,1.46949e-12,1.76303e-13,1.00364e-13,7.72715e-14,9.10383e-15,5.9952e-15,1.77636e-15,1.11022e-15,0,0,0,0,0,0,0,0,0,0,0,0,0,0,0,0,0,0,0,0,0,0,0,0,0,0,0,0,0,0,0,0,0,0,0,0,0,0,0,0,0,0,0,0,0,0,0,0,0,0,0,0,0,0,0,0,0,0,0,0,0,0,0,0,0,0,0,0,0,0,0,0,0,0,0,0,0,0,0,0,0,0,0,0,0,0,0,0,0,0,0,0,0,0,0,0,0,0,0,0,0,0,0,0,0,0,0,0,0,0,0,0,0,0,0,0,0,0,0,0,0,0,0,0,0,0,0,0,0,0,0,0,0,0,0,0,0,0,0,0,0,0,0,0,0,0,0,0,0,0,0,0,0,0,0,0,0,0,0,0,0,0,0,0,0,0,0,0,0,0,0,0,0,0,0,0,0,0,0,0,0,0,0,0,0,0,0,0,0,0,0,0,0,0,0,0,0,0,0,0,0,0,0,0,0,0,0,0,0,0,0,0,0,0,0,0,0,0,0,0,0,0,0,0,0,0,0,0,0,0,0,0,0,0,0,0,0,0,0,0,0,0,0,0,0,0,0,0,0,0,0,0,0,0,0,0,0,0,0,0
374.901,82.6158,32.1457,9.78491,4.29782,1.83769,1.23471,1.11737,1.05593,0.7863,0.292897,0.0892896,0.0406412,0.0237062,0.00608334,0.00141229,0.00107678,0.000245546,0.000107599,1.0219e-05,1.47851e-11,1.47851e-11,1.16043e-11,1.16043e-11,4.42224e-12,1.84297e-12,3.888e-13,2.34701e-13,5.9952e-14,1.66533e-14,3.55271e-15,6.66134e-16,6.66134e-16,2.22045e-16,0,0,0,0,0,0,0,0,0,0,0,0,0,0,0,0,0,0,0,0,0,0,0,0,0,0,0,0,0,0,0,0,0,0,0,0,0,0,0,0,0,0,0,0,0,0,0,0,0,0,0,0,0,0,0,0,0,0,0,0,0,0,0,0,0,0,0,0,0,0,0,0,0,0,0,0,0,0,0,0,0,0,0,0,0,0,0,0,0,0,0,0,0,0,0,0,0,0,0,0,0,0,0,0,0,0,0,0,0,0,0,0,0,0,0,0,0,0,0,0,0,0,0,0,0,0,0,0,0,0,0,0,0,0,0,0,0,0,0,0,0,0,0,0,0,0,0,0,0,0,0,0,0,0,0,0,0,0,0,0,0,0,0,0,0,0,0,0,0,0,0,0,0,0,0,0,0,0,0,0,0,0,0,0,0,0,0,0,0,0,0,0,0,0,0,0,0,0,0,0,0,0,0,0,0,0,0,0,0,0,0,0,0,0,0,0,0,0,0,0,0,0,0,0,0,0,0,0,0,0,0,0,0,0,0,0,0,0,0,0,0,0,0,0,0,0,0,0,0,0,0,0,0,0,0,0,0,0,0,0,0,0,0,0,0,0
359.557,118.305,26.1988,7.71992,2.58741,1.57204,1.36002,1.12298,1.03999,1.01252,0.91944,0.417536,0.213132,0.0222042,0.0193448,0.00880959,0.00759484,0.00181781,0.000241556,0.000186894,0.000131905,8.2045e-05,2.84124e-05,2.70339e-06,1.50422e-06,3.61395e-07,1.17748e-09,8.33312e-10,2.27637e-10,6.01517e-11,2.64928e-11,3.17657e-12,6.65024e-13,2.49134e-13,1.92957e-13,8.4599e-14,2.33147e-14,3.55271e-15,1.33227e-15,8.88178e-16,2.22045e-16,0,0,0,0,0,0,0,0,0,0,0,0,0,0,0,0,0,0,0,0,0,0,0,0,0,0,0,0,0,0,0,0,0,0,0,0,0,0,0,0,0,0,0,0,0,0,0,0,0,0,0,0,0,0,0,0,0,0,0,0,0,0,0,0,0,0,0,0,0,0,0,0,0,0,0,0,0,0,0,0,0,0,0,0,0,0,0,0,0,0,0,0,0,0,0,0,0,0,0,0,0,0,0,0,0,0,0,0,0,0,0,0,0,0,0,0,0,0,0,0,0,0,0,0,0,0,0,0,0,0,0,0,0,0,0,0,0,0,0,0,0,0,0,0,0,0,0,0,0,0,0,0,0,0,0,0,0,0,0,0,0,0,0,0,0,0,0,0,0,0,0,0,0,0,0,0,0,0,0,0,0,0,0,0,0,0,0,0,0,0,0,0,0,0,0,0,0,0,0,0,0,0,0,0,0,0,0,0,0,0,0,0,0,0,0,0,0,0,0,0,0,0,0,0,0,0,0,0,0,0,0,0,0,0,0,0,0,0,0,0,0,0,0,0,0,0,0,0,0,0,0,0,0,0,0,0,0,0,0
322.541,82.0618,19.3293,7.94736,2.72112,1.69976,1.14178,1.13978,1.04308,0.980155,0.723775,0.196834,0.109513,0.0801001,0.0247143,0.00491602,0.00202906,0.000598706,0.000218153,9.89877e-05,2.42509e-05,1.55795e-05,4.19501e-06,2.57786e-06,1.19909e-06,1.79976e-07,3.41333e-10,1.22238e-10,7.86127e-12,7.08278e-12,1.47105e-12,2.55795e-13,8.70415e-14,3.93019e-14,1.13243e-14,4.44089e-15,1.55431e-15,4.44089e-16,4.44089e-16,2.22045e-16,0,0,0,0,0,0,0,0,0,0,0,0,0,0,0,0,0,0,0,0,0,0,0,0,0,0,0,0,0,0,0,0,0,0,0,0,0,0,0,0,0,0,0,0,0,0,0,0,0,0,0,0,0,0,0,0,0,0,0,0,0,0,0,0,0,0,0,0,0,0,0,0,0,0,0,0,0,0,0,0,0,0,0,0,0,0,0,0,0,0,0,0,0,0,0,0,0,0,0,0,0,0,0,0,0,0,0,0,0,0,0,0,0,0,0,0,0,0,0,0,0,0,0,0,0,0,0,0,0,0,0,0,0,0,0,0,0,0,0,0,0,0,0,0,0,0,0,0,0,0,0,0,0,0,0,0,0,0,0,0,0,0,0,0,0,0,0,0,0,0,0,0,0,0,0,0,0,0,0,0,0,0,0,0,0,0,0,0,0,0,0,0,0,0,0,0,0,0,0,0,0,0,0,0,0,0,0,0,0,0,0,0,0,0,0,0,0,0,0,0,0,0,0,0,0,0,0,0,0,0,0,0,0,0,0,0,0,0,0,0,0,0,0,0,0,0,0,0,0,0,0,0,0,0,0,0,0,0,0,0
289.161,105.666,37.7029,14.6288,4.89031,2.57283,1.5779,1.27228,1.05307,1.02417,0.943126,0.749186,0.282967,0.0305654,0.0134355,0.00647735,0.00228764,0.00035818,0.000226951,6.22544e-05,5.26735e-05,6.78322e-06,3.96585e-06,2.16107e-06,1.86189e-06,3.01946e-07,1.80776e-07,5.0312e-10,4.05373e-10,1.04383e-10,4.98821e-11,1.44069e-11,7.57105e-12,1.84719e-12,9.14824e-13,4.00791e-13,5.50671e-14,1.86517e-14,6.21725e-15,1.11022e-15,2.22045e-16,2.22045e-16,0,0,0,0,0,0,0,0,0,0,0,0,0,0,0,0,0,0,0,0,0,0,0,0,0,0,0,0,0,0,0,0,0,0,0,0,0,0,0,0,0,0,0,0,0,0,0,0,0,0,0,0,0,0,0,0,0,0,0,0,0,0,0,0,0,0,0,0,0,0,0,0,0,0,0,0,0,0,0,0,0,0,0,0,0,0,0,0,0,0,0,0,0,0,0,0,0,0,0,0,0,0,0,0,0,0,0,0,0,0,0,0,0,0,0,0,0,0,0,0,0,0,0,0,0,0,0,0,0,0,0,0,0,0,0,0,0,0,0,0,0,0,0,0,0,0,0,0,0,0,0,0,0,0,0,0,0,0,0,0,0,0,0,0,0,0,0,0,0,0,0,0,0,0,0,0,0,0,0,0,0,0,0,0,0,0,0,0,0,0,0,0,0,0,0,0,0,0,0,0,0,0,0,0,0,0,0,0,0,0,0,0,0,0,0,0,0,0,0,0,0,0,0,0,0,0,0,0,0,0,0,0,0,0,0,0,0,0,0,0,0,0,0,0,0,0,0,0,0,0,0,0,0,0,0,0,0,0
346.82,110.352,27.8508,20.5216,11.2681,3.49418,2.0891,1.32361,1.19417,1.03258,1.02002,0.895976,0.448872,0.367326,0.156767,0.104594,0.0322633,0.00727966,0.00236857,0.00161047,0.000234737,2.1452e-05,1.69735e-05,8.63215e-06,3.65793e-06,6.00777e-07,6.1491e-08,1.26372e-09,1.99792e-10,9.02383e-11,3.48956e-11,6.27187e-12,2.32014e-12,1.28209e-12,2.71561e-13,1.5743e-13,3.68594e-14,1.17684e-14,3.10862e-15,1.33227e-15,2.22045e-16,2.22045e-16,0,0,0,0,0,0,0,0,0,0,0,0,0,0,0,0,0,0,0,0,0,0,0,0,0,0,0,0,0,0,0,0,0,0,0,0,0,0,0,0,0,0,0,0,0,0,0,0,0,0,0,0,0,0,0,0,0,0,0,0,0,0,0,0,0,0,0,0,0,0,0,0,0,0,0,0,0,0,0,0,0,0,0,0,0,0,0,0,0,0,0,0,0,0,0,0,0,0,0,0,0,0,0,0,0,0,0,0,0,0,0,0,0,0,0,0,0,0,0,0,0,0,0,0,0,0,0,0,0,0,0,0,0,0,0,0,0,0,0,0,0,0,0,0,0,0,0,0,0,0,0,0,0,0,0,0,0,0,0,0,0,0,0,0,0,0,0,0,0,0,0,0,0,0,0,0,0,0,0,0,0,0,0,0,0,0,0,0,0,0,0,0,0,0,0,0,0,0,0,0,0,0,0,0,0,0,0,0,0,0,0,0,0,0,0,0,0,0,0,0,0,0,0,0,0,0,0,0,0,0,0,0,0,0,0,0,0,0,0,0,0,0,0,0,0,0,0,0,0,0,0,0,0,0,0,0,0,0
318.055,88.3663,14.9328,6.01595,2.01855,1.38218,1.13569,1.03876,0.975119,0.62566,0.53577,0.382627,0.066908,0.0473674,0.0180339,0.00428175,0.0010864,0.000403151,0.00016289,4.6689e-05,3.51544e-05,1.02498e-05,3.12157e-06,6.01227e-07,6.1456e-08,1.54758e-09,2.5286e-10,4.25306e-11,5.70255e-12,3.28826e-12,7.51843e-13,3.80806e-13,9.72555e-14,2.62013e-14,1.02141e-14,2.22045e-15,1.11022e-15,2.22045e-16,2.22045e-16,0,0,0,0,0,0,0,0,0,0,0,0,0,0,0,0,0,0,0,0,0,0,0,0,0,0,0,0,0,0,0,0,0,0,0,0,0,0,0,0,0,0,0,0,0,0,0,0,0,0,0,0,0,0,0,0,0,0,0,0,0,0,0,0,0,0,0,0,0,0,0,0,0,0,0,0,0,0,0,0,0,0,0,0,0,0,0,0,0,0,0,0,0,0,0,0,0,0,0,0,0,0,0,0,0,0,0,0,0,0,0,0,0,0,0,0,0,0,0,0,0,0,0,0,0,0,0,0,0,0,0,0,0,0,0,0,0,0,0,0,0,0,0,0,0,0,0,0,0,0,0,0,0,0,0,0,0,0,0,0,0,0,0,0,0,0,0,0,0,0,0,0,0,0,0,0,0,0,0,0,0,0,0,0,0,0,0,0,0,0,0,0,0,0,0,0,0,0,0,0,0,0,0,0,0,0,0,0,0,0,0,0,0,0,0,0,0,0,0,0,0,0,0,0,0,0,0,0,0,0,0,0,0,0,0,0,0,0,0,0,0,0,0,0,0,0,0,0,0,0,0,0,0,0,0,0,0,0,0,0,0
281.58,81.7782,27.1207,8.51136,7.50271,3.43493,1.9382,1.31986,1.18648,1.06716,1.01959,0.643826,0.193346,0.0854531,0.0385047,0.00728039,0.00272244,0.000880906,0.000255007,8.26142e-05,7.93857e-05,1.40308e-05,9.23655e-06,3.06399e-06,6.02676e-07,8.71308e-10,1.74674e-10,1.4217e-10,6.93523e-11,6.13722e-11,3.69877e-11,4.55636e-12,2.17204e-12,5.48672e-13,1.10356e-13,2.44249e-14,7.54952e-15,2.44249e-15,8.88178e-16,2.22045e-16,2.22045e-16,0,0,0,0,0,0,0,0,0,0,0,0,0,0,0,0,0,0,0,0,0,0,0,0,0,0,0,0,0,0,0,0,0,0,0,0,0,0,0,0,0,0,0,0,0,0,0,0,0,0,0,0,0,0,0,0,0,0,0,0,0,0,0,0,0,0,0,0,0,0,0,0,0,0,0,0,0,0,0,0,0,0,0,0,0,0,0,0,0,0,0,0,0,0,0,0,0,0,0,0,0,0,0,0,0,0,0,0,0,0,0,0,0,0,0,0,0,0,0,0,0,0,0,0,0,0,0,0,0,0,0,0,0,0,0,0,0,0,0,0,0,0,0,0,0,0,0,0,0,0,0,0,0,0,0,0,0,0,0,0,0,0,0,0,0,0,0,0,0,0,0,0,0,0,0,0,0,0,0,0,0,0,0,0,0,0,0,0,0,0,0,0,0,0,0,0,0,0,0,0,0,0,0,0,0,0,0,0,0,0,0,0,0,0,0,0,0,0,0,0,0,0,0,0,0,0,0,0,0,0,0,0,0,0,0,0,0,0,0,0,0,0,0,0,0,0,0,0,0,0,0,0,0,0,0,0,0,0,0
235.561,67.9361,22.8838,10.4454,8.54096,2.30139,1.73586,1.15769,1.14174,1.03356,0.733615,0.0884281,0.0616504,0.0153809,0.00342707,0.00239804,0.00166509,0.000467668,8.83532e-05,2.23936e-05,4.63243e-06,3.17838e-06,6.60745e-07,1.21436e-07,6.03645e-08,2.58892e-10,3.94773e-11,1.94338e-11,5.32663e-12,7.80265e-13,3.062e-13,5.41789e-14,1.77636e-14,7.99361e-15,7.54952e-15,1.55431e-15,4.44089e-16,0,0,0,0,0,0,0,0,0,0,0,0,0,0,0,0,0,0,0,0,0,0,0,0,0,0,0,0,0,0,0,0,0,0,0,0,0,0,0,0,0,0,0,0,0,0,0,0,0,0,0,0,0,0,0,0,0,0,0,0,0,0,0,0,0,0,0,0,0,0,0,0,0,0,0,0,0,0,0,0,0,0,0,0,0,0,0,0,0,0,0,0,0,0,0,0,0,0,0,0,0,0,0,0,0,0,0,0,0,0,0,0,0,0,0,0,0,0,0,0,0,0,0,0,0,0,0,0,0,0,0,0,0,0,0,0,0,0,0,0,0,0,0,0,0,0,0,0,0,0,0,0,0,0,0,0,0,0,0,0,0,0,0,0,0,0,0,0,0,0,0,0,0,0,0,0,0,0,0,0,0,0,0,0,0,0,0,0,0,0,0,0,0,0,0,0,0,0,0,0,0,0,0,0,0,0,0,0,0,0,0,0,0,0,0,0,0,0,0,0,0,0,0,0,0,0,0,0,0,0,0,0,0,0,0,0,0,0,0,0,0,0,0,0,0,0,0,0,0,0,0,0,0,0,0,0,0,0,0,0,0,0,0
468.72,82.7164,46.6634,11.7006,3.84625,1.95749,1.26251,1.12816,1.04005,0.776552,0.210546,0.083608,0.0271138,0.0146362,0.0064048,0.00143042,0.000485386,0.000104432,8.14889e-05,1.76498e-05,7.50348e-06,1.14086e-06,3.01389e-07,6.07204e-08,7.28291e-10,9.08893e-11,6.80946e-11,1.94409e-11,7.14651e-12,1.05538e-12,2.75557e-13,1.17462e-13,1.86517e-14,7.99361e-15,3.9968e-15,1.33227e-15,4.44089e-16,0,0,0,0,0,0,0,0,0,0,0,0,0,0,0,0,0,0,0,0,0,0,0,0,0,0,0,0,0,0,0,0,0,0,0,0,0,0,0,0,0,0,0,0,0,0,0,0,0,0,0,0,0,0,0,0,0,0,0,0,0,0,0,0,0,0,0,0,0,0,0,0,0,0,0,0,0,0,0,0,0,0,0,0,0,0,0,0,0,0,0,0,0,0,0,0,0,0,0,0,0,0,0,0,0,0,0,0,0,0,0,0,0,0,0,0,0,0,0,0,0,0,0,0,0,0,0,0,0,0,0,0,0,0,0,0,0,0,0,0,0,0,0,0,0,0,0,0,0,0,0,0,0,0,0,0,0,0,0,0,0,0,0,0,0,0,0,0,0,0,0,0,0,0,0,0,0,0,0,0,0,0,0,0,0,0,0,0,0,0,0,0,0,0,0,0,0,0,0,0,0,0,0,0,0,0,0,0,0,0,0,0,0,0,0,0,0,0,0,0,0,0,0,0,0,0,0,0,0,0,0,0,0,0,0,0,0,0,0,0,0,0,0,0,0,0,0,0,0,0,0,0,0,0,0,0,0,0,0,0,0,0,0
