35346.8,8620.82,2660.26,933.267,546.535,165.644,31.4008,21.0948,8.95914,2.02794,0.699407,0.187783,0.102962,0.0186265,0.00777573,0.00262254,0.00105765,0.000332248,8.22405e-05,2.23162e-05,4.05166e-06,1.63565e-06,6.00297e-07,1.85197e-07,5.44189e-08,2.17802e-08,4.60106e-09,2.00308e-09,1.82426e-09,3.4329e-10,1.87995e-10,1.01586e-10,2.172e-11,3.93111e-12,1.60405e-12,4.22876e-13,2.65244e-13,5.8342e-14,4.72292e-14,2.02552e-14,4.72496e-15,1.39056e-15,4.74664e-16,6.64297e-17,9.73289e-18,9.36892e-18,8.09181e-18,1.79889e-18,4.43697e-19,1.10967e-19,2.31072e-20,6.56825e-21,1.64355e-21,5.17447e-22,2.64004e-22,6.36819e-23,2.79435e-23,1.23327e-23,2.96517e-24,1.14979e-24,2.16315e-25,4.73037e-26,1.59952e-26,3.08877e-27,2.35272e-28,2.28755e-28,7.34135e-29,3.69839e-29,7.2428e-30,5.09611e-30,2.48548e-30,3.52827e-31,8.09326e-32,2.76957e-32,1.40467e-32,3.58157e-33,1.00884e-33,3.10466e-34,5.73197e-35,1.37767e-35,6.36943e-36,1.97105e-36,6.35412e-37,1.74169e-37,5.5468e-38,8.91839e-39,3.03652e-39,3.0657e-40,1.52842e-40,2.38571e-41,5.63042e-42,3.94185e-42,1.68576e-42,5.0727e-43,2.31214e-43,6.86636e-44,1.54143e-44,1.4013e-45,0,0,0,0,0,0,0,0,0,0,0,0,0,0,0,0,0,0,0,0,0,0,0,0,0,0,0,0,0,0,0,0,0,0,0,0,0,0,0,0,0,0,0,0,0,0,0,0,0,0,0,0,0,0,0,0,0,0,0,0,0,0,0,0,0,0,0,0,0,0,0,0,0,0,0,0,0,0,0,0,0,0,0,0,0,0,0,0,0,0,0,0,0,0,0,0,0,0,0,0,0,0,0,0,0,0,0,0,0,0,0,0,0,0,0,0,0,0,0,0,0,0,0,0,0,0,0,0,0,0,0,0,0,0,0,0,0,0,0,0,0,0,0,0,0,0,0,0,0,0,0,0,0,0,0,0,0,0,0,0,0,0,0,0,0,0,0,0,0,0,0,0,0,0,0,0,0,0,0,0,0,0,0,0,0,0,0,0,0,0,0,0,0,0,0,0,0,0,0,0,0,0
36287.6,11151.2,4722.94,1453.91,643.168,186.765,82.7117,25.1256,11.3289,4.12648,0.580927,0.139461,0.104033,0.0445537,0.0116769,0.00351055,0.000863914,0.000374003,3.85681e-05,1.46108e-05,2.68756e-06,1.45204e-06,7.64261e-07,8.67755e-08,2.77219e-08,8.39938e-09,1.71411e-09,6.71668e-10,3.02583e-10,2.93886e-11,1.64917e-11,6.46542e-12,1.5618e-12,7.65552e-13,2.14019e-13,6.32528e-14,1.16262e-14,7.08258e-15,2.48463e-15,6.49155e-16,4.64216e-16,1.77046e-16,5.00411e-17,1.02948e-17,3.79931e-18,8.58686e-19,1.77466e-19,5.14722e-20,4.32641e-20,9.28336e-21,5.88449e-21,1.39679e-21,1.64697e-22,5.28301e-23,3.04518e-23,7.28377e-24,2.5578e-24,1.12749e-24,1.29456e-25,5.69227e-26,1.04525e-26,2.2517e-27,4.93021e-28,1.21505e-28,1.65286e-29,4.04047e-30,1.20528e-30,1.06881e-30,3.26386e-31,9.67025e-32,4.91238e-32,7.33156e-33,1.25522e-33,4.12178e-34,2.16392e-34,2.68633e-35,6.27344e-36,1.95404e-36,5.79412e-37,2.34345e-37,1.18104e-37,3.42013e-38,1.5039e-38,5.22504e-39,2.30713e-39,2.77568e-40,4.81991e-41,4.43301e-41,1.49827e-41,3.37012e-42,9.23456e-43,5.17079e-43,1.76564e-43,2.8026e-44,1.12104e-44,0,0,0,0,0,0,0,0,0,0,0,0,0,0,0,0,0,0,0,0,0,0,0,0,0,0,0,0,0,0,0,0,0,0,0,0,0,0,0,0,0,0,0,0,0,0,0,0,0,0,0,0,0,0,0,0,0,0,0,0,0,0,0,0,0,0,0,0,0,0,0,0,0,0,0,0,0,0,0,0,0,0,0,0,0,0,0,0,0,0,0,0,0,0,0,0,0,0,0,0,0,0,0,0,0,0,0,0,0,0,0,0,0,0,0,0,0,0,0,0,0,0,0,0,0,0,0,0,0,0,0,0,0,0,0,0,0,0,0,0,0,0,0,0,0,0,0,0,0,0,0,0,0,0,0,0,0,0,0,0,0,0,0,0,0,0,0,0,0,0,0,0,0,0,0,0,0,0,0,0,0,0,0,0,0,0,0,0,0,0,0,0,0,0,0,0,0,0,0,0,0,0,0,0,0
31264.3,9451.09,3223.66,850.012,101.017,78.7595,42.1702,18.723,5.7825,1.93232,0.774133,0.185615,0.0514433,0.0198408,0.0046505,0.000998144,0.000418828,0.000226838,6.00962e-05,1.07415e-05,5.60127e-06,1.68866e-06,3.44107e-07,2.40851e-07,7.02287e-08,1.91264e-08,1.44953e-08,6.64855e-09,3.93229e-09,9.26888e-10,3.9048e-10,8.3872e-11,4.19488e-11,1.01031e-11,7.99837e-12,2.95796e-12,1.15556e-12,2.8674e-13,1.21178e-13,1.73716e-14,5.15381e-15,2.18578e-15,7.55034e-16,1.2921e-16,8.22544e-17,5.12869e-18,2.23826e-18,7.73467e-19,1.02694e-19,1.48979e-20,5.18879e-21,1.86867e-21,8.17062e-22,2.55457e-22,1.14455e-22,5.16527e-23,7.29149e-24,2.36285e-24,2.65457e-25,1.27474e-25,1.41598e-26,2.94347e-27,2.4903e-28,1.02641e-28,1.88273e-29,5.53653e-30,4.12438e-30,1.12511e-30,2.45408e-31,3.27958e-32,8.3582e-33,4.30341e-33,3.58375e-33,7.39111e-34,2.38593e-34,5.13458e-35,1.35959e-35,3.34922e-36,8.85149e-37,3.2266e-37,6.26658e-38,2.55855e-38,5.26536e-39,3.10237e-39,8.53989e-40,2.42146e-40,9.18173e-41,6.30598e-41,1.78301e-41,1.99825e-42,9.03838e-43,1.02295e-43,3.50325e-44,4.2039e-45,0,0,0,0,0,0,0,0,0,0,0,0,0,0,0,0,0,0,0,0,0,0,0,0,0,0,0,0,0,0,0,0,0,0,0,0,0,0,0,0,0,0,0,0,0,0,0,0,0,0,0,0,0,0,0,0,0,0,0,0,0,0,0,0,0,0,0,0,0,0,0,0,0,0,0,0,0,0,0,0,0,0,0,0,0,0,0,0,0,0,0,0,0,0,0,0,0,0,0,0,0,0,0,0,0,0,0,0,0,0,0,0,0,0,0,0,0,0,0,0,0,0,0,0,0,0,0,0,0,0,0,0,0,0,0,0,0,0,0,0,0,0,0,0,0,0,0,0,0,0,0,0,0,0,0,0,0,0,0,0,0,0,0,0,0,0,0,0,0,0,0,0,0,0,0,0,0,0,0,0,0,0,0,0,0,0,0,0,0,0,0,0,0,0,0,0,0,0,0,0,0,0,0,0,0,0
20754.4,11411.5,3244.82,826.161,420.109,143.483,54.8695,11.5864,6.1278,1.69879,0.80769,0.245374,0.071023,0.0250577,0.00740071,0.00327757,0.000962213,0.000390218,0.000114607,4.81626e-05,1.66358e-05,2.94081e-06,1.08078e-06,3.24022e-07,3.60273e-08,3.32992e-08,2.19735e-08,6.93678e-09,1.74493e-09,6.2358e-10,2.24579e-10,3.25629e-11,8.38804e-12,2.70198e-12,7.29708e-13,4.99241e-13,1.67505e-13,2.95509e-14,3.46395e-15,9.11351e-16,3.90394e-16,2.3616e-16,5.87414e-17,1.16962e-17,3.05427e-18,7.3425e-19,2.4301e-19,9.15403e-20,2.30559e-20,1.39117e-20,4.59386e-21,2.6945e-21,7.75596e-22,3.15629e-22,1.68823e-22,8.74857e-23,1.48993e-23,4.6888e-24,1.50658e-24,2.8972e-25,1.11318e-25,3.87706e-26,3.23333e-26,3.57843e-27,1.39196e-27,2.94267e-28,8.22173e-29,3.24364e-29,4.56068e-30,1.41943e-30,3.55288e-31,1.68973e-32,1.60954e-32,8.6926e-34,6.42561e-34,1.77976e-34,5.79019e-35,3.12829e-35,6.6348e-36,1.40008e-36,7.54983e-37,8.66761e-38,1.60233e-38,9.72335e-39,1.82016e-39,2.32475e-40,1.86607e-40,5.56344e-41,1.82071e-41,2.72553e-42,6.34788e-43,4.17587e-43,1.42932e-43,2.94273e-44,1.12104e-44,1.4013e-45,0,0,0,0,0,0,0,0,0,0,0,0,0,0,0,0,0,0,0,0,0,0,0,0,0,0,0,0,0,0,0,0,0,0,0,0,0,0,0,0,0,0,0,0,0,0,0,0,0,0,0,0,0,0,0,0,0,0,0,0,0,0,0,0,0,0,0,0,0,0,0,0,0,0,0,0,0,0,0,0,0,0,0,0,0,0,0,0,0,0,0,0,0,0,0,0,0,0,0,0,0,0,0,0,0,0,0,0,0,0,0,0,0,0,0,0,0,0,0,0,0,0,0,0,0,0,0,0,0,0,0,0,0,0,0,0,0,0,0,0,0,0,0,0,0,0,0,0,0,0,0,0,0,0,0,0,0,0,0,0,0,0,0,0,0,0,0,0,0,0,0,0,0,0,0,0,0,0,0,0,0,0,0,0,0,0,0,0,0,0,0,0,0,0,0,0,0,0,0,0,0,0,0,0
36240.5,6375.11,1329.1,572.195,153.855,21.4046,12.0948,2.51415,2.49212,0.600761,0.218749,0.0692295,0.0670849,0.013833,0.00254768,0.000956612,0.000260787,5.88367e-05,8.6647e-06,3.83448e-06,1.604e-06,2.66783e-07,2.55425e-07,4.44425e-08,1.12908e-08,2.92026e-09,8.83614e-10,6.00703e-10,1.15478e-10,5.52594e-11,2.11512e-11,3.9057e-12,1.80446e-12,5.55966e-13,4.32397e-13,1.35875e-13,5.4011e-14,8.9481e-15,1.70359e-15,6.86923e-16,2.54864e-16,6.8401e-17,2.76562e-17,5.41519e-18,3.57335e-18,1.83174e-18,8.63049e-19,3.44591e-19,4.49009e-20,2.8197e-20,1.24351e-20,2.97064e-21,1.30226e-21,4.0855e-22,3.04871e-22,8.6135e-23,4.28688e-23,1.31605e-23,5.71179e-24,1.11076e-24,2.91557e-25,8.63357e-26,2.98393e-26,1.02085e-26,4.99291e-27,1.14628e-27,2.65314e-28,7.9576e-29,2.60211e-29,4.88241e-30,3.30602e-30,1.22138e-30,2.15396e-31,8.22647e-32,1.13518e-32,4.10058e-33,1.45805e-33,4.07703e-34,1.67384e-34,4.49189e-35,1.28424e-35,1.75643e-36,2.32626e-37,5.16552e-38,2.88331e-38,5.4097e-39,1.34584e-39,4.52081e-40,9.49758e-41,2.4363e-41,3.65879e-42,3.1263e-42,3.13891e-43,1.44334e-43,3.22299e-44,1.4013e-44,0,0,0,0,0,0,0,0,0,0,0,0,0,0,0,0,0,0,0,0,0,0,0,0,0,0,0,0,0,0,0,0,0,0,0,0,0,0,0,0,0,0,0,0,0,0,0,0,0,0,0,0,0,0,0,0,0,0,0,0,0,0,0,0,0,0,0,0,0,0,0,0,0,0,0,0,0,0,0,0,0,0,0,0,0,0,0,0,0,0,0,0,0,0,0,0,0,0,0,0,0,0,0,0,0,0,0,0,0,0,0,0,0,0,0,0,0,0,0,0,0,0,0,0,0,0,0,0,0,0,0,0,0,0,0,0,0,0,0,0,0,0,0,0,0,0,0,0,0,0,0,0,0,0,0,0,0,0,0,0,0,0,0,0,0,0,0,0,0,0,0,0,0,0,0,0,0,0,0,0,0,0,0,0,0,0,0,0,0,0,0,0,0,0,0,0,0,0,0,0,0,0,0,0
38895.1,9242.08,1764.57,1689.71,185.434,147.196,52.3156,22.1658,7.65757,2.28038,0.473573,0.117405,0.030514,0.00819918,0.00307034,0.00128323,0.000414573,8.3675e-05,3.23888e-05,1.63254e-05,8.90577e-06,2.84823e-06,6.537e-07,3.79353e-07,9.03044e-08,1.96144e-08,5.44897e-09,9.66171e-10,2.8192e-10,2.66004e-10,5.83943e-11,1.08023e-11,4.05364e-12,1.69819e-12,5.09367e-13,1.49645e-13,9.81118e-14,6.66814e-14,1.42127e-14,6.73128e-15,1.31514e-15,9.7561e-16,1.34501e-16,7.02296e-17,2.31068e-17,6.67095e-18,1.69747e-18,7.73268e-19,1.97688e-19,4.48005e-20,8.15213e-21,3.36836e-21,5.85259e-22,1.49919e-22,9.74721e-23,1.15199e-23,1.82459e-24,6.78497e-25,2.00086e-25,3.15109e-26,1.03149e-26,1.65808e-27,1.32655e-27,3.64248e-28,1.3131e-28,6.01198e-29,2.55533e-29,1.25311e-29,5.0132e-30,1.0702e-30,1.91518e-31,6.68849e-32,5.35415e-32,6.30942e-33,5.77433e-33,2.01409e-33,4.92565e-34,1.74315e-34,2.21143e-35,5.86171e-36,1.62732e-36,5.9984e-37,1.44745e-37,4.43076e-38,3.11968e-38,1.03118e-38,2.05523e-39,8.85287e-40,4.57523e-40,9.41883e-41,2.24068e-41,7.52637e-42,1.11964e-42,3.85357e-43,1.61149e-43,2.38221e-44,1.26117e-44,0,0,0,0,0,0,0,0,0,0,0,0,0,0,0,0,0,0,0,0,0,0,0,0,0,0,0,0,0,0,0,0,0,0,0,0,0,0,0,0,0,0,0,0,0,0,0,0,0,0,0,0,0,0,0,0,0,0,0,0,0,0,0,0,0,0,0,0,0,0,0,0,0,0,0,0,0,0,0,0,0,0,0,0,0,0,0,0,0,0,0,0,0,0,0,0,0,0,0,0,0,0,0,0,0,0,0,0,0,0,0,0,0,0,0,0,0,0,0,0,0,0,0,0,0,0,0,0,0,0,0,0,0,0,0,0,0,0,0,0,0,0,0,0,0,0,0,0,0,0,0,0,0,0,0,0,0,0,0,0,0,0,0,0,0,0,0,0,0,0,0,0,0,0,0,0,0,0,0,0,0,0,0,0,0,0,0,0,0,0,0,0,0,0,0,0,0,0,0,0,0,0,0
41690.8,10607.6,2812.42,659.661,226.132,108.865,30.3005,11.0511,4.27886,1.03516,0.189428,0.0986591,0.0107109,0.00513365,0.00164749,0.000432889,6.5224e-05,3.68246e-05,1.49367e-05,4.38364e-06,1.40382e-06,5.53232e-07,9.87682e-08,3.40772e-08,2.16953e-08,8.50254e-09,2.28062e-09,7.96626e-10,4.84973e-10,1.92834e-10,5.96355e-11,2.02195e-11,1.30582e-11,5.19347e-12,1.45155e-12,4.35868e-13,1.47352e-13,3.29536e-14,1.23236e-14,9.92287e-15,5.32848e-15,2.68404e-15,4.93339e-16,1.30455e-16,2.92553e-17,7.70153e-18,1.18171e-18,5.39376e-19,2.45394e-19,1.35253e-19,4.2001e-20,9.45209e-21,8.98568e-21,2.93122e-21,8.04543e-22,1.74234e-22,9.00378e-23,2.34089e-23,1.79714e-23,3.13882e-24,8.69436e-25,3.64515e-25,1.17872e-25,2.3567e-26,7.1659e-27,2.26883e-27,5.49291e-28,2.05739e-28,1.01695e-28,2.52326e-29,1.06369e-29,4.13144e-30,1.05028e-30,6.4787e-31,1.95175e-31,3.87709e-32,1.72019e-32,5.42894e-33,3.98768e-33,1.04494e-33,3.21832e-34,4.02225e-35,9.44757e-36,4.02356e-36,1.41225e-36,2.7347e-37,1.07599e-37,1.45537e-38,1.0029e-38,1.70104e-39,9.84304e-40,2.36611e-40,7.40951e-41,1.72864e-41,5.09232e-42,3.20617e-42,6.17973e-43,1.31722e-43,3.22299e-44,1.68156e-44,1.4013e-45,0,0,0,0,0,0,0,0,0,0,0,0,0,0,0,0,0,0,0,0,0,0,0,0,0,0,0,0,0,0,0,0,0,0,0,0,0,0,0,0,0,0,0,0,0,0,0,0,0,0,0,0,0,0,0,0,0,0,0,0,0,0,0,0,0,0,0,0,0,0,0,0,0,0,0,0,0,0,0,0,0,0,0,0,0,0,0,0,0,0,0,0,0,0,0,0,0,0,0,0,0,0,0,0,0,0,0,0,0,0,0,0,0,0,0,0,0,0,0,0,0,0,0,0,0,0,0,0,0,0,0,0,0,0,0,0,0,0,0,0,0,0,0,0,0,0,0,0,0,0,0,0,0,0,0,0,0,0,0,0,0,0,0,0,0,0,0,0,0,0,0,0,0,0,0,0,0,0,0,0,0,0,0,0,0,0,0,0,0,0,0,0,0,0,0,0,0,0,0
51947.7,9628.74,2422.52,1063.14,881.416,255.098,78.022,17.7884,5.97361,1.21204,0.273232,0.0664517,0.0198104,0.00518499,0.00506003,0.00262873,0.000730392,0.000608562,0.000227763,3.7678e-05,2.07256e-05,4.9227e-06,7.9745e-07,2.89935e-07,1.26514e-07,1.80443e-08,5.50256e-09,2.25397e-09,1.33998e-10,9.64428e-11,3.43578e-11,1.54724e-11,7.30517e-12,4.1997e-12,6.47028e-13,1.86122e-13,1.05656e-13,4.6457e-14,3.00522e-14,5.42562e-15,1.08121e-15,3.63665e-16,3.61704e-16,2.27204e-17,2.26979e-17,1.31254e-17,5.48909e-18,1.96688e-18,6.64234e-19,7.57333e-20,5.55767e-20,1.64665e-20,4.16636e-21,1.34842e-21,4.84041e-22,6.70838e-23,4.56934e-23,2.31291e-23,9.38897e-24,2.68589e-24,1.17382e-24,5.04655e-25,1.10182e-25,1.77707e-26,5.47778e-27,1.46014e-27,8.12458e-28,3.15023e-28,1.12156e-28,2.02053e-29,1.09153e-29,4.67266e-30,1.93849e-30,2.98914e-31,2.5636e-31,9.042e-32,3.67301e-32,1.33604e-32,4.38722e-33,9.83853e-34,3.77317e-34,7.11211e-35,2.84172e-35,5.54946e-36,2.27658e-36,6.36256e-37,1.61332e-37,4.24267e-38,1.0586e-38,2.44574e-39,1.33738e-39,2.85761e-40,1.14621e-40,4.23206e-41,9.75164e-42,7.26994e-42,1.75022e-42,5.12875e-43,1.44334e-43,5.32493e-44,5.60519e-45,0,0,0,0,0,0,0,0,0,0,0,0,0,0,0,0,0,0,0,0,0,0,0,0,0,0,0,0,0,0,0,0,0,0,0,0,0,0,0,0,0,0,0,0,0,0,0,0,0,0,0,0,0,0,0,0,0,0,0,0,0,0,0,0,0,0,0,0,0,0,0,0,0,0,0,0,0,0,0,0,0,0,0,0,0,0,0,0,0,0,0,0,0,0,0,0,0,0,0,0,0,0,0,0,0,0,0,0,0,0,0,0,0,0,0,0,0,0,0,0,0,0,0,0,0,0,0,0,0,0,0,0,0,0,0,0,0,0,0,0,0,0,0,0,0,0,0,0,0,0,0,0,0,0,0,0,0,0,0,0,0,0,0,0,0,0,0,0,0,0,0,0,0,0,0,0,0,0,0,0,0,0,0,0,0,0,0,0,0,0,0,0,0,0,0,0,0,0,0
29470.3,14500.6,2319.77,595.259,200.809,110.858,27.705,9.60804,4.08513,3.61651,1.95484,1.11184,0.249382,0.0633199,0.00342957,0.00323715,0.00125285,0.000213197,5.74163e-05,2.23702e-05,8.79309e-06,3.7917e-06,6.8834e-07,2.93943e-07,1.84946e-07,1.40207e-07,2.36217e-08,9.50939e-09,1.61261e-09,5.97e-10,3.57311e-10,1.5024e-10,4.2323e-11,1.58408e-11,1.29608e-11,4.19984e-12,6.82733e-13,2.42396e-13,6.40976e-14,1.1931e-14,3.65351e-15,7.78017e-16,1.70401e-16,4.19052e-17,2.01055e-17,6.67683e-18,1.44998e-18,5.39935e-19,9.44797e-20,2.40907e-20,5.44622e-21,4.71561e-22,3.4348e-22,1.01967e-22,3.42298e-23,3.26214e-23,9.95705e-24,2.55981e-24,9.51722e-25,6.4958e-25,1.8417e-25,6.09081e-26,5.49611e-27,3.65136e-27,1.784e-27,4.00779e-28,3.93767e-29,2.08264e-29,9.21403e-30,2.0726e-30,1.32021e-30,2.49448e-31,1.52538e-31,5.10824e-32,1.85045e-32,6.9653e-33,1.58372e-33,3.14929e-34,9.23209e-35,8.35199e-36,2.21899e-36,2.14877e-36,2.84452e-37,6.30098e-38,1.91918e-38,2.73826e-39,1.52116e-39,2.80048e-40,7.01588e-41,3.43893e-41,6.73184e-42,3.76529e-42,7.8753e-43,3.60134e-43,9.24857e-44,1.26117e-44,8.40779e-45,0,0,0,0,0,0,0,0,0,0,0,0,0,0,0,0,0,0,0,0,0,0,0,0,0,0,0,0,0,0,0,0,0,0,0,0,0,0,0,0,0,0,0,0,0,0,0,0,0,0,0,0,0,0,0,0,0,0,0,0,0,0,0,0,0,0,0,0,0,0,0,0,0,0,0,0,0,0,0,0,0,0,0,0,0,0,0,0,0,0,0,0,0,0,0,0,0,0,0,0,0,0,0,0,0,0,0,0,0,0,0,0,0,0,0,0,0,0,0,0,0,0,0,0,0,0,0,0,0,0,0,0,0,0,0,0,0,0,0,0,0,0,0,0,0,0,0,0,0,0,0,0,0,0,0,0,0,0,0,0,0,0,0,0,0,0,0,0,0,0,0,0,0,0,0,0,0,0,0,0,0,0,0,0,0,0,0,0,0,0,0,0,0,0,0,0,0,0,0,0,0,0,0
46024.4,9837.58,4163.13,503.856,58.8594,16.5578,11.63,2.23157,1.71865,0.584446,0.101916,0.0276251,0.0125973,0.0114267,0.00119033,0.00114641,0.000572818,0.000118598,4.79519e-05,1.29623e-05,6.32296e-06,2.37231e-06,8.781e-07,9.94388e-08,3.93764e-08,1.03114e-08,9.64952e-09,1.92868e-09,6.81708e-10,7.37856e-11,3.89755e-11,1.79231e-11,6.76039e-12,1.45897e-12,4.89036e-13,9.65522e-14,5.32211e-14,1.38076e-14,7.53353e-15,2.13262e-15,6.35104e-16,1.18578e-16,4.45761e-17,1.36659e-17,2.62258e-18,5.73092e-19,3.36056e-19,1.33457e-19,9.33263e-20,2.03078e-20,2.59813e-21,1.05813e-21,2.98806e-22,8.62553e-23,2.47602e-23,8.78031e-24,2.4767e-24,8.02782e-25,4.0712e-25,5.6098e-26,3.4751e-26,6.12568e-27,3.50424e-27,6.69066e-28,2.68807e-28,1.22913e-28,3.01119e-29,1.4965e-29,3.61036e-30,9.85933e-31,2.24106e-31,2.87301e-32,1.23185e-32,4.6987e-33,5.62664e-34,1.94916e-34,8.14957e-35,5.87755e-35,1.7161e-35,5.5277e-36,6.47145e-37,2.70074e-37,2.12676e-37,7.32412e-38,2.0474e-38,6.28512e-39,3.22428e-39,7.23922e-40,7.32038e-41,2.86706e-41,1.16616e-41,1.52321e-42,4.06377e-43,9.52883e-44,3.50325e-44,1.12104e-44,0,0,0,0,0,0,0,0,0,0,0,0,0,0,0,0,0,0,0,0,0,0,0,0,0,0,0,0,0,0,0,0,0,0,0,0,0,0,0,0,0,0,0,0,0,0,0,0,0,0,0,0,0,0,0,0,0,0,0,0,0,0,0,0,0,0,0,0,0,0,0,0,0,0,0,0,0,0,0,0,0,0,0,0,0,0,0,0,0,0,0,0,0,0,0,0,0,0,0,0,0,0,0,0,0,0,0,0,0,0,0,0,0,0,0,0,0,0,0,0,0,0,0,0,0,0,0,0,0,0,0,0,0,0,0,0,0,0,0,0,0,0,0,0,0,0,0,0,0,0,0,0,0,0,0,0,0,0,0,0,0,0,0,0,0,0,0,0,0,0,0,0,0,0,0,0,0,0,0,0,0,0,0,0,0,0,0,0,0,0,0,0,0,0,0,0,0,0,0,0,0,0,0,0
36513.4,6335.36,2629.5,772.226,254.26,58.2938,24.1478,8.51071,1.63531,0.943333,0.241453,0.089166,0.0334676,0.0094861,0.00395675,0.0034658,0.0016815,0.000684712,0.000595283,0.000165999,4.2978e-05,1.74153e-05,5.4336e-06,2.16965e-06,6.83404e-07,1.10797e-07,5.864e-08,6.64508e-09,6.17697e-09,1.14084e-09,3.32744e-10,8.73175e-11,2.80143e-11,1.23586e-11,7.11626e-12,1.61648e-12,3.91142e-13,7.38703e-14,2.79628e-14,2.00945e-14,6.75996e-15,1.77329e-15,3.85004e-16,6.85271e-17,4.13155e-17,5.89028e-18,1.54881e-18,1.21227e-18,2.05998e-19,8.86946e-20,1.59472e-20,2.2226e-21,5.19264e-22,3.53388e-22,1.27574e-22,2.94244e-23,1.67188e-23,7.24589e-24,2.18529e-24,8.26181e-25,3.74974e-25,5.87872e-26,1.61184e-26,7.57404e-27,1.82828e-27,6.4378e-28,1.38621e-28,4.11237e-29,1.43156e-29,2.0815e-30,8.35716e-31,1.41315e-31,3.88312e-32,8.52741e-33,8.37095e-33,1.62377e-33,4.03388e-34,1.61217e-34,9.56258e-35,2.24155e-35,8.60828e-36,1.81383e-36,5.26441e-37,1.3458e-37,1.8253e-38,1.05809e-38,2.56201e-39,8.51964e-40,2.70608e-40,1.10759e-40,5.12973e-41,7.52778e-42,8.54792e-43,2.34017e-43,1.61149e-43,4.2039e-44,4.2039e-45,1.4013e-45,0,0,0,0,0,0,0,0,0,0,0,0,0,0,0,0,0,0,0,0,0,0,0,0,0,0,0,0,0,0,0,0,0,0,0,0,0,0,0,0,0,0,0,0,0,0,0,0,0,0,0,0,0,0,0,0,0,0,0,0,0,0,0,0,0,0,0,0,0,0,0,0,0,0,0,0,0,0,0,0,0,0,0,0,0,0,0,0,0,0,0,0,0,0,0,0,0,0,0,0,0,0,0,0,0,0,0,0,0,0,0,0,0,0,0,0,0,0,0,0,0,0,0,0,0,0,0,0,0,0,0,0,0,0,0,0,0,0,0,0,0,0,0,0,0,0,0,0,0,0,0,0,0,0,0,0,0,0,0,0,0,0,0,0,0,0,0,0,0,0,0,0,0,0,0,0,0,0,0,0,0,0,0,0,0,0,0,0,0,0,0,0,0,0,0,0,0,0,0,0,0,0
46014.4,9259.99,1609.75,364.116,297.261,108.586,59.6996,9.33927,3.147,1.0771,0.534658,0.169101,0.0878978,0.0271715,0.0034288,0.00291761,0.000801718,0.000351595,9.54462e-05,4.19911e-05,1.28196e-05,6.22939e-06,1.71456e-06,2.28349e-07,2.19983e-07,2.07067e-07,6.117e-08,1.23609e-08,6.6474e-09,2.27867e-09,1.01476e-09,4.44937e-10,5.11178e-11,2.06401e-11,1.77194e-12,6.42266e-13,2.90393e-13,8.84736e-14,3.61253e-14,1.22028e-14,4.46226e-15,5.07092e-16,2.48358e-16,9.27311e-17,2.99478e-17,2.3598e-17,1.00068e-17,1.37533e-18,8.40485e-19,2.81679e-19,7.34756e-20,4.47818e-20,1.18535e-20,3.17784e-21,6.34076e-22,2.92785e-22,9.93409e-23,3.84545e-23,1.53381e-23,4.58204e-24,1.78063e-24,4.76946e-25,7.53679e-26,2.2821e-26,1.77444e-26,3.06085e-27,9.81284e-28,2.67171e-28,1.12271e-28,2.48242e-29,6.96349e-30,6.53543e-30,1.69088e-30,2.43516e-31,1.00722e-31,2.84601e-32,7.04936e-33,2.52085e-33,6.05856e-34,2.45878e-34,5.69894e-35,2.1339e-35,8.79481e-36,1.20666e-36,9.11358e-37,3.11246e-37,6.63569e-38,1.79277e-38,3.48959e-39,1.22646e-39,4.35264e-40,7.05428e-41,3.21528e-41,5.03767e-42,1.50219e-42,5.56315e-43,2.49431e-43,2.24208e-44,4.2039e-45,0,0,0,0,0,0,0,0,0,0,0,0,0,0,0,0,0,0,0,0,0,0,0,0,0,0,0,0,0,0,0,0,0,0,0,0,0,0,0,0,0,0,0,0,0,0,0,0,0,0,0,0,0,0,0,0,0,0,0,0,0,0,0,0,0,0,0,0,0,0,0,0,0,0,0,0,0,0,0,0,0,0,0,0,0,0,0,0,0,0,0,0,0,0,0,0,0,0,0,0,0,0,0,0,0,0,0,0,0,0,0,0,0,0,0,0,0,0,0,0,0,0,0,0,0,0,0,0,0,0,0,0,0,0,0,0,0,0,0,0,0,0,0,0,0,0,0,0,0,0,0,0,0,0,0,0,0,0,0,0,0,0,0,0,0,0,0,0,0,0,0,0,0,0,0,0,0,0,0,0,0,0,0,0,0,0,0,0,0,0,0,0,0,0,0,0,0,0,0,0,0
15383.7,3329.94,729.267,260.098,88.3858,23.9951,3.18787,2.3576,0.690831,0.258727,0.0384016,0.0183376,0.017476,0.00674197,0.00516405,0.00143004,0.000394231,0.000290784,5.13279e-05,1.20482e-05,4.61174e-06,8.36562e-07,6.65992e-07,1.89741e-07,5.6836e-08,1.96304e-08,1.0091e-08,2.87656e-09,6.80422e-10,2.29128e-10,4.18891e-11,1.92144e-11,8.85534e-12,5.02496e-12,8.401e-13,3.08191e-13,9.195e-14,3.06688e-14,6.45055e-15,2.05047e-15,5.82679e-16,4.41474e-16,9.89114e-17,8.52921e-17,2.16173e-17,6.45643e-18,2.63361e-18,8.07845e-19,8.58979e-20,3.78286e-20,2.45404e-20,1.09302e-20,9.63284e-21,1.56616e-21,4.54707e-22,3.59706e-22,4.26478e-23,2.65914e-23,1.93897e-23,5.01725e-24,1.09174e-24,2.80322e-25,8.01853e-26,3.13428e-26,1.05163e-26,8.01945e-28,3.1346e-28,1.25194e-28,2.90533e-29,1.18995e-29,6.60349e-30,1.30559e-30,4.04359e-31,1.76258e-31,2.66072e-32,1.06292e-32,3.72828e-33,9.96629e-34,2.1626e-34,4.23239e-35,1.47588e-35,2.5745e-36,6.64769e-37,1.47432e-37,2.16867e-38,1.80637e-38,3.65575e-39,2.61987e-39,5.68344e-40,1.69972e-40,4.12136e-41,1.2522e-41,2.56157e-42,7.65109e-43,3.50325e-44,1.82169e-44,4.2039e-45,0,0,0,0,0,0,0,0,0,0,0,0,0,0,0,0,0,0,0,0,0,0,0,0,0,0,0,0,0,0,0,0,0,0,0,0,0,0,0,0,0,0,0,0,0,0,0,0,0,0,0,0,0,0,0,0,0,0,0,0,0,0,0,0,0,0,0,0,0,0,0,0,0,0,0,0,0,0,0,0,0,0,0,0,0,0,0,0,0,0,0,0,0,0,0,0,0,0,0,0,0,0,0,0,0,0,0,0,0,0,0,0,0,0,0,0,0,0,0,0,0,0,0,0,0,0,0,0,0,0,0,0,0,0,0,0,0,0,0,0,0,0,0,0,0,0,0,0,0,0,0,0,0,0,0,0,0,0,0,0,0,0,0,0,0,0,0,0,0,0,0,0,0,0,0,0,0,0,0,0,0,0,0,0,0,0,0,0,0,0,0,0,0,0,0,0,0,0,0,0,0,0,0
36690.8,10668.4,2470.87,1033.09,282.627,85.5423,11.3534,4.34247,2.37403,0.360702,0.311775,0.110462,0.0167551,0.00592777,0.00153555,0.000235027,8.81195e-05,4.45818e-05,1.34625e-05,3.45584e-06,1.28518e-06,3.15485e-07,6.44038e-08,3.78569e-08,1.49279e-08,6.74495e-09,7.19328e-10,4.38832e-10,1.47824e-10,3.59711e-11,7.58207e-12,7.1806e-12,2.54303e-12,7.35849e-13,2.28891e-13,1.46491e-13,5.01489e-14,8.48104e-15,7.98738e-16,2.66177e-16,6.39229e-17,2.83245e-17,1.5305e-17,1.52469e-18,5.19939e-19,1.0288e-19,3.15481e-20,1.062e-20,5.34338e-21,6.69667e-22,3.81369e-22,7.89582e-23,6.75106e-24,2.38362e-24,1.19717e-24,2.55763e-25,4.54403e-26,2.78942e-26,2.12859e-26,8.67265e-27,2.13142e-27,3.68423e-28,1.43468e-28,3.03648e-29,5.04138e-30,1.13323e-30,7.32662e-31,1.62959e-31,3.4124e-32,2.79106e-32,8.40571e-33,2.33994e-33,9.16178e-34,4.58105e-34,1.1883e-34,3.80459e-35,6.15517e-36,1.6717e-36,6.65888e-37,1.50168e-37,4.60472e-38,1.54686e-38,8.43932e-39,2.28144e-39,6.92707e-40,3.35437e-40,5.70763e-41,1.23959e-41,4.35944e-42,7.20267e-43,1.17709e-43,2.8026e-44,7.00649e-45,1.4013e-45,0,0,0,0,0,0,0,0,0,0,0,0,0,0,0,0,0,0,0,0,0,0,0,0,0,0,0,0,0,0,0,0,0,0,0,0,0,0,0,0,0,0,0,0,0,0,0,0,0,0,0,0,0,0,0,0,0,0,0,0,0,0,0,0,0,0,0,0,0,0,0,0,0,0,0,0,0,0,0,0,0,0,0,0,0,0,0,0,0,0,0,0,0,0,0,0,0,0,0,0,0,0,0,0,0,0,0,0,0,0,0,0,0,0,0,0,0,0,0,0,0,0,0,0,0,0,0,0,0,0,0,0,0,0,0,0,0,0,0,0,0,0,0,0,0,0,0,0,0,0,0,0,0,0,0,0,0,0,0,0,0,0,0,0,0,0,0,0,0,0,0,0,0,0,0,0,0,0,0,0,0,0,0,0,0,0,0,0,0,0,0,0,0,0,0,0,0,0,0,0,0,0,0,0,0,0
27174.8,15219.7,4411.62,2126.61,167.799,101.168,38.2546,8.42915,5.21996,4.75287,0.0520945,0.0335984,0.0257679,0.0163278,0.00718884,0.00485055,0.00108209,0.000258728,6.75157e-05,5.01172e-05,2.21492e-05,5.06754e-06,9.63046e-07,3.63311e-07,1.06118e-07,3.37916e-08,5.72825e-09,2.80737e-09,8.62098e-10,6.30553e-10,9.09515e-11,4.44299e-11,1.52689e-11,4.20248e-12,1.67472e-12,4.6919e-13,3.33048e-13,1.21156e-13,1.57891e-14,5.38591e-15,2.07317e-15,6.4081e-16,2.20859e-16,1.45339e-16,2.41862e-17,5.29363e-18,1.56485e-18,1.31329e-18,4.37044e-19,8.09454e-20,3.43768e-20,1.51474e-20,5.67757e-21,1.96486e-21,3.72514e-22,1.52987e-22,4.25428e-23,1.56925e-23,3.72942e-24,7.46012e-25,4.1588e-25,1.98132e-25,7.47469e-26,2.57808e-26,6.9651e-27,1.45508e-27,2.83617e-28,4.40796e-29,1.27118e-29,3.22622e-30,1.13066e-30,1.69439e-31,1.14331e-31,3.7089e-32,1.65285e-32,2.62714e-33,1.16442e-33,1.54564e-34,8.40907e-36,6.33925e-36,2.40683e-36,1.11244e-36,3.1167e-37,1.06941e-37,2.89868e-38,4.70693e-39,2.20874e-39,6.48264e-40,1.38806e-40,3.15026e-41,1.22207e-41,3.81153e-42,9.83712e-43,6.60012e-43,1.47136e-43,3.08286e-44,4.2039e-45,0,0,0,0,0,0,0,0,0,0,0,0,0,0,0,0,0,0,0,0,0,0,0,0,0,0,0,0,0,0,0,0,0,0,0,0,0,0,0,0,0,0,0,0,0,0,0,0,0,0,0,0,0,0,0,0,0,0,0,0,0,0,0,0,0,0,0,0,0,0,0,0,0,0,0,0,0,0,0,0,0,0,0,0,0,0,0,0,0,0,0,0,0,0,0,0,0,0,0,0,0,0,0,0,0,0,0,0,0,0,0,0,0,0,0,0,0,0,0,0,0,0,0,0,0,0,0,0,0,0,0,0,0,0,0,0,0,0,0,0,0,0,0,0,0,0,0,0,0,0,0,0,0,0,0,0,0,0,0,0,0,0,0,0,0,0,0,0,0,0,0,0,0,0,0,0,0,0,0,0,0,0,0,0,0,0,0,0,0,0,0,0,0,0,0,0,0,0,0,0,0,0,0
29887.9,12961,4553.52,1611.73,362.427,355.079,91.0211,34.3841,8.5585,7.29214,1.94806,0.51658,0.221664,0.17221,0.0397179,0.0116368,0.00267532,0.000806501,0.000100894,2.50517e-05,1.31587e-05,8.81071e-06,1.98036e-06,6.20546e-07,2.88259e-07,1.57886e-07,4.69907e-08,1.78986e-08,1.93627e-09,1.20698e-09,2.7987e-10,1.38835e-10,2.73418e-11,1.61027e-11,3.97726e-12,1.4003e-12,3.6824e-13,1.03191e-13,4.79383e-14,1.13581e-14,3.90574e-15,1.31275e-15,4.12623e-16,2.51409e-16,3.86866e-17,1.73831e-17,3.4902e-18,1.83174e-18,1.37194e-18,3.88068e-19,8.7433e-20,4.1473e-20,1.63471e-20,5.57571e-21,3.20949e-21,8.07754e-22,1.7448e-22,5.20204e-23,1.27141e-23,5.32236e-24,1.61622e-24,4.27952e-25,1.59116e-25,4.39715e-26,1.19455e-26,4.88089e-27,9.5993e-28,4.27812e-28,8.497e-29,3.31912e-29,1.05921e-29,1.66128e-30,4.49557e-31,1.28917e-31,5.6939e-32,1.80496e-32,6.06697e-33,1.29982e-33,5.70103e-34,1.52905e-34,4.13674e-35,1.38983e-35,2.49321e-36,4.73702e-37,9.6264e-38,7.01751e-38,1.35285e-38,3.40542e-39,8.4776e-40,1.89052e-40,1.14864e-40,1.71042e-41,4.46594e-42,6.45999e-43,3.65739e-43,5.1848e-44,1.54143e-44,1.12104e-44,0,0,0,0,0,0,0,0,0,0,0,0,0,0,0,0,0,0,0,0,0,0,0,0,0,0,0,0,0,0,0,0,0,0,0,0,0,0,0,0,0,0,0,0,0,0,0,0,0,0,0,0,0,0,0,0,0,0,0,0,0,0,0,0,0,0,0,0,0,0,0,0,0,0,0,0,0,0,0,0,0,0,0,0,0,0,0,0,0,0,0,0,0,0,0,0,0,0,0,0,0,0,0,0,0,0,0,0,0,0,0,0,0,0,0,0,0,0,0,0,0,0,0,0,0,0,0,0,0,0,0,0,0,0,0,0,0,0,0,0,0,0,0,0,0,0,0,0,0,0,0,0,0,0,0,0,0,0,0,0,0,0,0,0,0,0,0,0,0,0,0,0,0,0,0,0,0,0,0,0,0,0,0,0,0,0,0,0,0,0,0,0,0,0,0,0,0,0,0,0,0,0
38428.9,6630.28,958.067,723.155,198.189,43.9826,35.8658,7.89493,4.9032,1.83477,0.559604,0.2298,0.0874816,0.0545147,0.0154695,0.00409391,0.00368418,0.000790399,0.000159647,6.3669e-05,1.227e-05,3.10721e-06,1.19018e-06,4.78513e-07,6.41657e-08,2.23355e-08,1.81328e-08,3.49844e-09,9.12295e-10,4.10103e-10,1.65017e-10,6.02729e-11,4.17789e-11,1.19262e-11,6.42593e-12,1.49764e-12,8.04103e-13,4.28959e-13,1.63137e-13,6.3744e-14,6.29421e-15,4.56809e-15,1.82427e-15,3.86686e-16,6.65753e-17,1.25283e-17,6.05979e-18,1.69383e-18,7.81802e-19,6.87547e-20,3.78203e-20,9.15922e-21,4.5824e-21,1.19014e-21,6.21906e-22,3.41162e-22,8.21756e-23,1.77694e-23,4.41632e-24,9.81602e-25,8.29191e-25,1.07125e-25,7.20912e-26,2.33766e-26,4.6862e-27,1.60413e-27,6.89927e-28,1.8257e-28,8.34091e-29,1.2561e-29,1.02711e-29,3.48747e-30,1.86568e-30,2.75876e-31,1.13858e-31,3.28123e-32,9.79202e-33,1.78229e-33,5.70286e-34,1.47522e-34,4.2805e-35,1.47396e-35,4.62706e-36,2.67001e-36,9.19976e-37,4.32636e-37,9.56592e-38,5.17636e-38,1.41494e-38,4.41152e-39,7.30455e-40,1.53613e-40,6.52459e-41,2.59899e-41,1.18928e-41,2.45227e-42,1.12524e-42,2.98477e-43,1.82169e-44,1.82169e-44,1.4013e-45,0,0,0,0,0,0,0,0,0,0,0,0,0,0,0,0,0,0,0,0,0,0,0,0,0,0,0,0,0,0,0,0,0,0,0,0,0,0,0,0,0,0,0,0,0,0,0,0,0,0,0,0,0,0,0,0,0,0,0,0,0,0,0,0,0,0,0,0,0,0,0,0,0,0,0,0,0,0,0,0,0,0,0,0,0,0,0,0,0,0,0,0,0,0,0,0,0,0,0,0,0,0,0,0,0,0,0,0,0,0,0,0,0,0,0,0,0,0,0,0,0,0,0,0,0,0,0,0,0,0,0,0,0,0,0,0,0,0,0,0,0,0,0,0,0,0,0,0,0,0,0,0,0,0,0,0,0,0,0,0,0,0,0,0,0,0,0,0,0,0,0,0,0,0,0,0,0,0,0,0,0,0,0,0,0,0,0,0,0,0,0,0,0,0,0,0,0,0,0
36843.8,8616.11,5212.02,2316.15,464.456,125.26,49.389,14.3923,4.53773,0.783998,0.455808,0.222511,0.0419344,0.0382812,0.019439,0.00625285,0.00100205,0.000505394,0.000231086,4.76471e-05,1.30425e-05,3.43614e-06,1.83764e-06,3.51995e-07,1.13597e-07,5.37924e-08,1.24131e-08,4.2317e-09,3.00075e-10,2.0691e-10,8.59747e-11,2.62753e-11,1.02758e-11,4.2614e-12,1.57316e-12,7.46162e-13,2.9884e-13,2.92334e-14,2.49714e-14,3.8653e-15,2.1712e-15,4.72117e-16,1.41789e-16,3.18555e-17,2.87404e-17,6.41946e-18,3.02648e-18,4.76069e-19,1.37387e-19,5.36898e-20,2.17871e-20,7.18952e-21,2.46042e-21,1.02739e-22,1.02208e-22,4.85256e-23,1.55008e-23,6.42069e-24,2.29538e-24,6.80086e-25,3.73362e-25,9.43383e-26,2.85702e-26,1.36678e-26,2.48262e-27,1.75819e-27,2.15055e-28,7.64423e-29,1.87964e-29,5.57971e-30,4.99614e-30,5.02629e-31,2.40039e-31,5.05272e-32,1.49502e-32,9.06358e-34,7.66739e-34,2.73449e-34,9.84754e-35,4.71685e-35,1.18141e-35,2.53143e-36,5.56911e-37,1.52814e-37,3.45657e-38,8.90753e-39,1.1439e-39,5.22889e-40,1.24836e-40,3.35331e-41,1.38925e-41,6.34228e-42,2.01927e-42,3.18095e-43,4.06377e-44,1.68156e-44,1.4013e-45,0,0,0,0,0,0,0,0,0,0,0,0,0,0,0,0,0,0,0,0,0,0,0,0,0,0,0,0,0,0,0,0,0,0,0,0,0,0,0,0,0,0,0,0,0,0,0,0,0,0,0,0,0,0,0,0,0,0,0,0,0,0,0,0,0,0,0,0,0,0,0,0,0,0,0,0,0,0,0,0,0,0,0,0,0,0,0,0,0,0,0,0,0,0,0,0,0,0,0,0,0,0,0,0,0,0,0,0,0,0,0,0,0,0,0,0,0,0,0,0,0,0,0,0,0,0,0,0,0,0,0,0,0,0,0,0,0,0,0,0,0,0,0,0,0,0,0,0,0,0,0,0,0,0,0,0,0,0,0,0,0,0,0,0,0,0,0,0,0,0,0,0,0,0,0,0,0,0,0,0,0,0,0,0,0,0,0,0,0,0,0,0,0,0,0,0,0,0,0,0,0,0,0
43447.4,12856.5,2420.52,634.449,185.634,52.1257,11.9422,3.2412,0.81205,0.726227,0.141594,0.0289904,0.0239076,0.00497576,0.00190324,0.000620689,0.000209152,4.6898e-05,8.62946e-06,3.90649e-06,1.99412e-06,3.5465e-07,3.30843e-07,5.73471e-08,1.12502e-08,8.10911e-09,2.10577e-09,5.47175e-10,2.53585e-10,7.55103e-11,6.57735e-11,1.30164e-11,2.56078e-12,1.5082e-12,2.95159e-13,6.34599e-14,2.34092e-14,3.8326e-15,8.82746e-16,3.03544e-16,1.22679e-16,2.32438e-17,5.11904e-18,1.82831e-18,4.42756e-19,7.70646e-20,1.34252e-20,2.47839e-21,8.10557e-22,1.29423e-22,3.63541e-23,1.34242e-23,4.14568e-24,1.05111e-24,5.52529e-25,7.77186e-26,3.19879e-26,8.87107e-27,4.9289e-27,1.17406e-27,2.04182e-28,4.8251e-29,1.0594e-29,1.26106e-30,5.03703e-31,1.13763e-31,6.96584e-32,2.17283e-32,6.15309e-33,2.01049e-33,8.73122e-34,2.41056e-34,1.23417e-34,3.42688e-35,8.38598e-36,2.16087e-36,1.06289e-36,4.70535e-37,1.38757e-37,9.61971e-38,1.44956e-38,4.78936e-39,6.24239e-40,1.85089e-40,4.2067e-41,6.7963e-42,3.06604e-42,7.91734e-43,4.56823e-43,2.00386e-43,4.90454e-44,8.40779e-45,0,0,0,0,0,0,0,0,0,0,0,0,0,0,0,0,0,0,0,0,0,0,0,0,0,0,0,0,0,0,0,0,0,0,0,0,0,0,0,0,0,0,0,0,0,0,0,0,0,0,0,0,0,0,0,0,0,0,0,0,0,0,0,0,0,0,0,0,0,0,0,0,0,0,0,0,0,0,0,0,0,0,0,0,0,0,0,0,0,0,0,0,0,0,0,0,0,0,0,0,0,0,0,0,0,0,0,0,0,0,0,0,0,0,0,0,0,0,0,0,0,0,0,0,0,0,0,0,0,0,0,0,0,0,0,0,0,0,0,0,0,0,0,0,0,0,0,0,0,0,0,0,0,0,0,0,0,0,0,0,0,0,0,0,0,0,0,0,0,0,0,0,0,0,0,0,0,0,0,0,0,0,0,0,0,0,0,0,0,0,0,0,0,0,0,0,0,0,0,0,0,0,0,0,0,0,0,0
43008.2,12126.2,2854.74,2524.33,612.538,210.259,68.4972,16.7902,10.9589,4.24831,2.13428,0.0437219,0.0074508,0.00656846,0.00108284,0.000245582,0.000119094,1.96513e-05,1.7362e-05,1.99702e-06,7.50373e-07,4.17739e-07,1.44699e-07,3.24391e-08,2.90825e-08,7.64424e-09,1.79092e-09,4.54049e-10,9.02215e-11,5.86156e-11,1.16852e-11,1.83143e-12,1.33398e-12,3.32571e-13,7.41291e-14,2.58604e-14,1.69708e-14,9.19647e-15,2.17491e-15,7.31118e-16,3.04317e-16,8.3025e-17,2.92079e-17,3.50906e-18,1.31776e-18,3.21631e-19,1.23939e-19,3.18354e-20,4.75092e-21,4.21358e-21,1.48851e-21,5.60675e-22,7.119e-23,2.64474e-23,1.45429e-23,2.02259e-24,1.04444e-24,4.16405e-25,1.4969e-25,2.78157e-26,1.4917e-26,2.73834e-27,1.14275e-27,1.81802e-28,1.1462e-28,2.28789e-29,1.5618e-29,5.18295e-30,1.732e-30,9.34062e-32,7.89841e-32,1.55737e-32,7.68635e-33,1.36096e-33,2.93165e-34,7.87031e-35,4.93049e-36,3.80131e-36,2.41925e-36,7.46524e-37,1.28666e-37,2.65831e-38,8.082e-39,1.54025e-39,2.44515e-40,1.06281e-40,3.69831e-41,7.75338e-42,2.50692e-42,5.42303e-43,1.079e-43,8.96831e-44,2.10195e-44,4.2039e-45,0,0,0,0,0,0,0,0,0,0,0,0,0,0,0,0,0,0,0,0,0,0,0,0,0,0,0,0,0,0,0,0,0,0,0,0,0,0,0,0,0,0,0,0,0,0,0,0,0,0,0,0,0,0,0,0,0,0,0,0,0,0,0,0,0,0,0,0,0,0,0,0,0,0,0,0,0,0,0,0,0,0,0,0,0,0,0,0,0,0,0,0,0,0,0,0,0,0,0,0,0,0,0,0,0,0,0,0,0,0,0,0,0,0,0,0,0,0,0,0,0,0,0,0,0,0,0,0,0,0,0,0,0,0,0,0,0,0,0,0,0,0,0,0,0,0,0,0,0,0,0,0,0,0,0,0,0,0,0,0,0,0,0,0,0,0,0,0,0,0,0,0,0,0,0,0,0,0,0,0,0,0,0,0,0,0,0,0,0,0,0,0,0,0,0,0,0,0,0,0,0,0,0,0,0,0
40967.8,12186.3,2626.82,910.91,262.634,80.1648,18.9084,8.41374,6.0808,1.61258,0.5985,0.142692,0.0538684,0.0223011,0.006958,0.00349604,0.000874911,0.000512776,0.000225621,6.64094e-05,2.03947e-05,4.39263e-06,9.14615e-07,4.81682e-07,1.83205e-07,3.44919e-08,6.02475e-09,4.02687e-09,7.62275e-10,1.99656e-10,4.08498e-11,2.19664e-11,1.78074e-11,2.88242e-12,1.69586e-12,1.50069e-13,1.45289e-13,4.35335e-14,1.57638e-14,1.34933e-14,3.71729e-15,7.07987e-16,1.51481e-16,9.60779e-17,2.12503e-17,1.19029e-17,2.82765e-18,2.20742e-18,5.89728e-19,1.52455e-19,4.82001e-20,1.33108e-20,3.39494e-21,1.03554e-21,2.7761e-22,1.0283e-22,2.17401e-23,1.9751e-23,6.71143e-24,1.81026e-24,8.28816e-25,1.4277e-25,9.65507e-26,3.33491e-26,5.9888e-27,4.34042e-27,4.05371e-28,7.2355e-29,2.62647e-29,6.60333e-30,2.85527e-30,2.7581e-31,1.51831e-31,7.0537e-32,2.79634e-32,8.8484e-33,2.89898e-33,8.85399e-34,2.5051e-34,8.22406e-35,2.10005e-35,4.6399e-36,1.1765e-36,4.43455e-37,8.13547e-38,2.63577e-38,6.67795e-39,2.1927e-39,6.23369e-40,2.30029e-40,5.48286e-41,1.99657e-41,5.83921e-42,1.25977e-42,6.22177e-43,1.16308e-43,7.56701e-44,2.66247e-44,7.00649e-45,1.4013e-45,0,0,0,0,0,0,0,0,0,0,0,0,0,0,0,0,0,0,0,0,0,0,0,0,0,0,0,0,0,0,0,0,0,0,0,0,0,0,0,0,0,0,0,0,0,0,0,0,0,0,0,0,0,0,0,0,0,0,0,0,0,0,0,0,0,0,0,0,0,0,0,0,0,0,0,0,0,0,0,0,0,0,0,0,0,0,0,0,0,0,0,0,0,0,0,0,0,0,0,0,0,0,0,0,0,0,0,0,0,0,0,0,0,0,0,0,0,0,0,0,0,0,0,0,0,0,0,0,0,0,0,0,0,0,0,0,0,0,0,0,0,0,0,0,0,0,0,0,0,0,0,0,0,0,0,0,0,0,0,0,0,0,0,0,0,0,0,0,0,0,0,0,0,0,0,0,0,0,0,0,0,0,0,0,0,0,0,0,0,0,0,0,0,0,0,0,0,0,0,0
21550.2,6426.97,3418.58,734.915,198.251,38.9157,6.75048,2.26446,0.565168,0.127943,0.0426622,0.0126933,0.00732457,0.00241338,0.000971695,0.000279805,0.000127087,4.20309e-05,1.21715e-05,3.6681e-06,9.43339e-07,2.16064e-07,8.37055e-08,1.04003e-08,4.77892e-09,1.97156e-09,6.0657e-10,2.06169e-10,1.6558e-10,5.02856e-11,3.8844e-11,1.55151e-11,4.58071e-12,1.41147e-12,1.06955e-12,3.92297e-13,6.88167e-14,2.05014e-14,1.66981e-14,2.13964e-15,8.5643e-16,4.53805e-16,1.46224e-16,6.52006e-17,1.55757e-17,4.0002e-18,7.7905e-19,3.39083e-19,1.95843e-19,4.07367e-20,1.52734e-20,2.2047e-21,6.11897e-22,1.44343e-22,2.64178e-23,1.01127e-23,6.60735e-24,1.43994e-24,3.10669e-25,1.67063e-25,4.10079e-26,1.59123e-26,6.38588e-27,2.40989e-27,3.39228e-28,7.84188e-29,2.5406e-29,6.0425e-30,1.95637e-30,5.06532e-31,1.34471e-31,3.59912e-32,5.53561e-33,1.46947e-33,4.92456e-34,1.87578e-34,3.08292e-35,1.31002e-35,5.79672e-36,7.22234e-37,2.02203e-37,5.25687e-38,1.41315e-38,4.87435e-39,1.45052e-39,3.3942e-40,1.53308e-40,2.29687e-41,4.00351e-42,2.23787e-42,5.45105e-43,2.05991e-43,5.1848e-44,2.8026e-45,0,0,0,0,0,0,0,0,0,0,0,0,0,0,0,0,0,0,0,0,0,0,0,0,0,0,0,0,0,0,0,0,0,0,0,0,0,0,0,0,0,0,0,0,0,0,0,0,0,0,0,0,0,0,0,0,0,0,0,0,0,0,0,0,0,0,0,0,0,0,0,0,0,0,0,0,0,0,0,0,0,0,0,0,0,0,0,0,0,0,0,0,0,0,0,0,0,0,0,0,0,0,0,0,0,0,0,0,0,0,0,0,0,0,0,0,0,0,0,0,0,0,0,0,0,0,0,0,0,0,0,0,0,0,0,0,0,0,0,0,0,0,0,0,0,0,0,0,0,0,0,0,0,0,0,0,0,0,0,0,0,0,0,0,0,0,0,0,0,0,0,0,0,0,0,0,0,0,0,0,0,0,0,0,0,0,0,0,0,0,0,0,0,0,0,0,0,0,0,0,0,0,0,0,0,0
38276.9,7917.67,5781.66,1139.21,907.275,162.093,49.6303,12.0425,9.47831,2.29723,0.643916,0.454629,0.294585,0.0371043,0.0131354,0.00268962,0.000807833,0.000531958,0.000113883,2.27017e-05,6.66018e-06,6.06646e-06,1.70635e-06,7.25553e-07,3.47812e-07,2.33877e-08,4.89277e-09,2.37206e-09,1.03004e-09,4.18828e-10,1.53984e-10,3.57333e-11,7.72837e-12,3.00326e-12,1.92437e-12,3.70982e-13,1.79299e-13,5.0015e-14,1.18426e-14,2.52223e-15,2.50115e-15,1.43726e-15,2.88846e-16,1.14098e-16,3.1791e-17,1.59355e-17,2.2431e-18,2.29984e-19,1.83494e-19,6.8845e-20,1.48994e-20,6.43797e-21,2.20715e-21,8.47385e-22,1.60821e-22,5.51079e-23,3.19243e-23,6.23765e-24,2.82754e-24,1.9801e-24,2.86134e-25,6.15531e-26,1.81412e-26,3.18286e-27,2.131e-27,8.29812e-28,2.33643e-28,1.08374e-28,8.54889e-29,3.95021e-29,1.27482e-29,5.37103e-30,1.65125e-30,3.57798e-31,2.10713e-31,3.10962e-32,6.89254e-33,3.98769e-33,1.66568e-33,3.4401e-34,1.34208e-34,3.55107e-35,3.87942e-36,7.14006e-37,2.24246e-37,6.41486e-38,2.19426e-38,3.96887e-39,9.73108e-40,5.51722e-40,1.68642e-40,4.84737e-41,8.02664e-42,2.31775e-42,4.83448e-43,9.3887e-44,3.22299e-44,0,0,0,0,0,0,0,0,0,0,0,0,0,0,0,0,0,0,0,0,0,0,0,0,0,0,0,0,0,0,0,0,0,0,0,0,0,0,0,0,0,0,0,0,0,0,0,0,0,0,0,0,0,0,0,0,0,0,0,0,0,0,0,0,0,0,0,0,0,0,0,0,0,0,0,0,0,0,0,0,0,0,0,0,0,0,0,0,0,0,0,0,0,0,0,0,0,0,0,0,0,0,0,0,0,0,0,0,0,0,0,0,0,0,0,0,0,0,0,0,0,0,0,0,0,0,0,0,0,0,0,0,0,0,0,0,0,0,0,0,0,0,0,0,0,0,0,0,0,0,0,0,0,0,0,0,0,0,0,0,0,0,0,0,0,0,0,0,0,0,0,0,0,0,0,0,0,0,0,0,0,0,0,0,0,0,0,0,0,0,0,0,0,0,0,0,0,0,0,0,0,0,0
37301.9,7156.14,1615.88,1096.67,507.805,111.938,24.9796,9.30487,4.81794,2.13919,0.685989,0.162656,0.0174503,0.00571413,0.00299607,0.000816009,7.20466e-05,3.57357e-05,9.52353e-06,4.60113e-06,2.18256e-06,2.69917e-07,5.86524e-08,2.55183e-08,8.09558e-09,6.8523e-09,1.2708e-09,1.1156e-09,2.55193e-10,9.09994e-11,1.90342e-11,6.05837e-12,1.75807e-12,1.52155e-13,1.337e-13,2.64749e-14,7.10944e-15,3.42351e-15,4.60924e-16,1.12732e-16,2.20162e-17,6.29892e-18,2.85428e-18,6.89387e-19,2.26291e-19,8.47373e-20,2.99685e-20,1.29006e-20,1.82341e-21,9.88645e-22,4.14695e-22,1.44705e-22,5.22604e-23,2.6873e-23,5.05851e-24,2.39425e-24,8.02035e-25,3.82014e-25,8.68362e-26,4.21009e-26,4.15817e-27,1.64299e-27,8.96965e-28,4.4109e-28,4.56956e-29,1.68847e-29,5.23125e-30,3.09308e-30,1.21455e-30,2.95953e-31,1.18556e-31,1.90222e-32,7.3012e-33,4.44171e-33,6.8544e-34,1.05107e-34,2.08148e-35,4.65776e-36,1.67235e-36,7.78011e-37,2.21824e-37,9.75551e-38,1.9062e-38,8.15933e-39,3.2998e-39,5.3817e-40,3.33726e-40,9.52084e-41,3.10976e-41,7.15363e-42,1.6157e-42,4.33001e-43,2.84464e-43,1.05097e-43,1.54143e-44,1.4013e-45,0,0,0,0,0,0,0,0,0,0,0,0,0,0,0,0,0,0,0,0,0,0,0,0,0,0,0,0,0,0,0,0,0,0,0,0,0,0,0,0,0,0,0,0,0,0,0,0,0,0,0,0,0,0,0,0,0,0,0,0,0,0,0,0,0,0,0,0,0,0,0,0,0,0,0,0,0,0,0,0,0,0,0,0,0,0,0,0,0,0,0,0,0,0,0,0,0,0,0,0,0,0,0,0,0,0,0,0,0,0,0,0,0,0,0,0,0,0,0,0,0,0,0,0,0,0,0,0,0,0,0,0,0,0,0,0,0,0,0,0,0,0,0,0,0,0,0,0,0,0,0,0,0,0,0,0,0,0,0,0,0,0,0,0,0,0,0,0,0,0,0,0,0,0,0,0,0,0,0,0,0,0,0,0,0,0,0,0,0,0,0,0,0,0,0,0,0,0,0,0,0,0,0,0
42263.7,10338.6,2925.8,356.215,325.628,75.213,74.0251,14.5147,6.07435,4.24552,0.644443,0.162221,0.0198192,0.0106339,0.00618147,0.00212193,0.00211914,0.000489791,0.000199206,6.7994e-05,1.60403e-05,7.19726e-06,2.54661e-06,2.67725e-07,2.55566e-07,4.44907e-08,1.06254e-08,6.78798e-09,2.09633e-09,5.19889e-10,1.7937e-10,1.75665e-11,1.42503e-11,5.86549e-12,1.43732e-12,2.76839e-13,2.93719e-14,1.10453e-14,5.54824e-15,2.50733e-15,5.41944e-16,1.96098e-16,1.17271e-16,1.68847e-17,7.96771e-18,2.4597e-18,4.6273e-19,2.01808e-19,7.19397e-20,2.14933e-20,4.01854e-21,1.79713e-21,5.75592e-22,1.85398e-22,7.34603e-23,1.93243e-23,7.26169e-24,2.10739e-24,7.19028e-25,1.84498e-25,4.31863e-26,5.17265e-27,2.40845e-27,8.01455e-28,3.44985e-28,7.70489e-29,4.0649e-29,1.07537e-29,2.27904e-30,7.27993e-31,1.57543e-31,8.63236e-32,1.37973e-32,3.94751e-33,1.51138e-33,3.90258e-34,2.50025e-34,8.48312e-35,3.39805e-35,8.09309e-36,4.08408e-36,1.3075e-36,7.15202e-37,2.93858e-37,5.49254e-38,2.01389e-38,6.74055e-39,1.71415e-39,4.00069e-40,1.16746e-40,1.43997e-41,3.80453e-42,1.33263e-42,4.00771e-43,8.40779e-44,2.38221e-44,4.2039e-45,0,0,0,0,0,0,0,0,0,0,0,0,0,0,0,0,0,0,0,0,0,0,0,0,0,0,0,0,0,0,0,0,0,0,0,0,0,0,0,0,0,0,0,0,0,0,0,0,0,0,0,0,0,0,0,0,0,0,0,0,0,0,0,0,0,0,0,0,0,0,0,0,0,0,0,0,0,0,0,0,0,0,0,0,0,0,0,0,0,0,0,0,0,0,0,0,0,0,0,0,0,0,0,0,0,0,0,0,0,0,0,0,0,0,0,0,0,0,0,0,0,0,0,0,0,0,0,0,0,0,0,0,0,0,0,0,0,0,0,0,0,0,0,0,0,0,0,0,0,0,0,0,0,0,0,0,0,0,0,0,0,0,0,0,0,0,0,0,0,0,0,0,0,0,0,0,0,0,0,0,0,0,0,0,0,0,0,0,0,0,0,0,0,0,0,0,0,0,0,0,0,0,0
32415,11284.8,4247.95,1086.3,157.722,62.8206,25.2284,11.6586,2.3531,0.431635,0.077884,0.0214155,0.0134855,0.00459812,0.000640216,9.11038e-05,3.84058e-05,1.72245e-05,4.54029e-06,9.93936e-07,4.30871e-07,1.73035e-07,5.46726e-08,1.05854e-08,8.46705e-09,1.52153e-09,5.08795e-10,6.82326e-11,3.91788e-11,1.73417e-11,6.50906e-12,2.2833e-12,7.36776e-13,6.51408e-14,4.12848e-14,6.45648e-15,2.38509e-16,1.22977e-16,2.01242e-17,5.07973e-18,7.85689e-19,2.35957e-19,7.90396e-20,3.27815e-20,6.59531e-21,6.22864e-21,8.62652e-22,7.66946e-22,2.43983e-22,3.08511e-23,2.13249e-23,4.78048e-24,1.26596e-24,5.2598e-25,1.40942e-25,2.67356e-26,7.61991e-27,2.38461e-27,3.34669e-28,1.97165e-28,5.88185e-29,2.54447e-29,7.99969e-30,2.11732e-30,8.21467e-31,3.85933e-31,3.24653e-32,2.02774e-32,5.67654e-33,8.77367e-34,2.21465e-34,1.13724e-34,3.78509e-35,1.15383e-35,4.91372e-36,1.57908e-36,5.53398e-37,6.42903e-38,2.65678e-38,1.01995e-38,2.52898e-39,7.5009e-40,2.09242e-40,7.18572e-41,1.98214e-41,4.22632e-42,1.85952e-42,1.79366e-43,7.9874e-44,2.24208e-44,5.60519e-45,0,0,0,0,0,0,0,0,0,0,0,0,0,0,0,0,0,0,0,0,0,0,0,0,0,0,0,0,0,0,0,0,0,0,0,0,0,0,0,0,0,0,0,0,0,0,0,0,0,0,0,0,0,0,0,0,0,0,0,0,0,0,0,0,0,0,0,0,0,0,0,0,0,0,0,0,0,0,0,0,0,0,0,0,0,0,0,0,0,0,0,0,0,0,0,0,0,0,0,0,0,0,0,0,0,0,0,0,0,0,0,0,0,0,0,0,0,0,0,0,0,0,0,0,0,0,0,0,0,0,0,0,0,0,0,0,0,0,0,0,0,0,0,0,0,0,0,0,0,0,0,0,0,0,0,0,0,0,0,0,0,0,0,0,0,0,0,0,0,0,0,0,0,0,0,0,0,0,0,0,0,0,0,0,0,0,0,0,0,0,0,0,0,0,0,0,0,0,0,0,0,0,0,0,0,0,0,0,0
58114.6,16120.8,3271.55,1029.54,319.449,123.808,20.8634,12.4946,3.9518,1.17839,0.407507,0.245966,0.0781954,0.0175537,0.00612416,0.00150554,0.000540078,0.000212554,3.15098e-05,2.4142e-05,6.30039e-06,3.55477e-06,8.34391e-07,1.82737e-07,5.16478e-08,1.98401e-08,2.24303e-09,2.23827e-09,5.86848e-10,4.27212e-10,8.89165e-11,5.75176e-11,2.8001e-11,1.34627e-11,4.2212e-12,1.11351e-12,4.70783e-13,1.72281e-13,5.14943e-14,1.62334e-14,5.24435e-15,5.12558e-15,1.54508e-15,1.32135e-16,5.68962e-17,2.10642e-17,4.77913e-18,1.01012e-18,5.34065e-19,1.46732e-19,5.57276e-20,2.97323e-20,7.56735e-21,3.70609e-21,2.62152e-21,6.62304e-22,1.72093e-22,4.96772e-23,1.59337e-23,2.4857e-24,1.64114e-24,5.46857e-25,2.13775e-25,5.96494e-26,1.88838e-26,2.76886e-27,5.8577e-28,1.18507e-28,7.6021e-29,2.40797e-29,8.75797e-30,3.34501e-30,1.08648e-30,3.94763e-31,9.5224e-32,4.18219e-32,1.68457e-32,4.10567e-33,1.62217e-33,2.80658e-34,4.54706e-36,3.5145e-36,9.25463e-37,4.07349e-37,1.00469e-37,2.34302e-38,3.65933e-39,2.01661e-39,5.47727e-40,1.24641e-40,4.11393e-41,1.16028e-41,2.2673e-42,6.13769e-43,1.76564e-43,4.62428e-44,5.60519e-45,0,0,0,0,0,0,0,0,0,0,0,0,0,0,0,0,0,0,0,0,0,0,0,0,0,0,0,0,0,0,0,0,0,0,0,0,0,0,0,0,0,0,0,0,0,0,0,0,0,0,0,0,0,0,0,0,0,0,0,0,0,0,0,0,0,0,0,0,0,0,0,0,0,0,0,0,0,0,0,0,0,0,0,0,0,0,0,0,0,0,0,0,0,0,0,0,0,0,0,0,0,0,0,0,0,0,0,0,0,0,0,0,0,0,0,0,0,0,0,0,0,0,0,0,0,0,0,0,0,0,0,0,0,0,0,0,0,0,0,0,0,0,0,0,0,0,0,0,0,0,0,0,0,0,0,0,0,0,0,0,0,0,0,0,0,0,0,0,0,0,0,0,0,0,0,0,0,0,0,0,0,0,0,0,0,0,0,0,0,0,0,0,0,0,0,0,0,0,0,0,0,0,0
38354.1,18288.6,3448.2,1072.97,318.708,206.95,59.877,15.592,6.58963,1.39004,0.883799,0.252169,0.152262,0.0502614,0.0122005,0.00766317,0.00210906,0.000690485,0.00029606,0.000186889,5.40342e-05,5.11701e-05,9.43909e-06,4.40178e-06,1.35796e-06,4.87915e-07,2.67759e-07,2.66252e-08,1.87017e-08,4.47812e-09,7.23971e-10,4.99692e-10,1.76265e-10,9.61873e-11,2.4923e-11,6.76392e-12,6.10305e-13,9.28122e-14,4.36249e-14,1.54875e-14,7.59814e-15,3.16147e-15,9.41962e-16,2.36285e-16,1.12777e-16,4.41229e-17,8.82375e-18,2.11064e-18,8.0671e-19,2.84272e-19,4.14776e-20,1.47685e-20,3.98952e-21,1.27274e-21,2.89681e-22,1.433e-22,5.54817e-23,2.34967e-23,5.24073e-24,9.44727e-25,1.94232e-25,3.3205e-26,9.63741e-27,3.19875e-27,1.12979e-27,1.88529e-28,6.53205e-29,2.47211e-29,1.30651e-29,3.60703e-30,1.47657e-30,4.45911e-31,9.00027e-32,2.05793e-32,5.7586e-33,2.96016e-33,6.81353e-34,1.57141e-35,9.6511e-36,4.28517e-36,2.16948e-36,6.735e-37,2.42558e-37,1.02529e-37,1.69379e-38,7.54439e-39,5.71937e-39,7.63157e-40,3.44872e-40,5.17934e-41,1.61836e-41,3.13751e-42,1.02995e-42,4.11982e-43,5.74532e-44,5.60519e-45,0,0,0,0,0,0,0,0,0,0,0,0,0,0,0,0,0,0,0,0,0,0,0,0,0,0,0,0,0,0,0,0,0,0,0,0,0,0,0,0,0,0,0,0,0,0,0,0,0,0,0,0,0,0,0,0,0,0,0,0,0,0,0,0,0,0,0,0,0,0,0,0,0,0,0,0,0,0,0,0,0,0,0,0,0,0,0,0,0,0,0,0,0,0,0,0,0,0,0,0,0,0,0,0,0,0,0,0,0,0,0,0,0,0,0,0,0,0,0,0,0,0,0,0,0,0,0,0,0,0,0,0,0,0,0,0,0,0,0,0,0,0,0,0,0,0,0,0,0,0,0,0,0,0,0,0,0,0,0,0,0,0,0,0,0,0,0,0,0,0,0,0,0,0,0,0,0,0,0,0,0,0,0,0,0,0,0,0,0,0,0,0,0,0,0,0,0,0,0,0,0,0,0,0
32815.2,7043.56,1723.36,335.712,146.662,33.4678,14.3662,4.89268,1.83314,0.87974,0.143442,0.0525586,0.00485824,0.00254846,0.000878838,0.000640125,0.00017802,0.000108405,3.65869e-05,1.51034e-05,4.76805e-06,1.53137e-06,6.98558e-07,1.4439e-07,6.25025e-08,3.6373e-08,1.33012e-08,5.27513e-09,2.08068e-09,4.73514e-10,1.28469e-10,1.2537e-10,3.37738e-11,9.20659e-12,1.75233e-12,5.07864e-13,3.12376e-13,1.21938e-13,6.45846e-14,1.65614e-14,4.89533e-15,1.77558e-15,4.74739e-16,9.3259e-17,2.00848e-17,1.65723e-18,1.22561e-18,4.96378e-19,7.56402e-20,5.77182e-20,1.82175e-20,8.8907e-21,5.0459e-21,1.39364e-21,4.4012e-22,1.28126e-22,6.20119e-23,1.00934e-23,3.77586e-24,1.84941e-24,3.68412e-25,1.26687e-25,1.06088e-25,4.97973e-26,9.34489e-27,2.25806e-27,5.75909e-28,2.96361e-28,3.65783e-29,3.17713e-29,4.76194e-30,2.3538e-30,3.35976e-31,2.00163e-31,8.33172e-32,1.28061e-32,2.5588e-33,7.3942e-34,2.87412e-34,1.16844e-34,3.47729e-35,1.8909e-35,5.57123e-36,1.3671e-36,3.28532e-37,8.16023e-38,2.69784e-38,9.56939e-39,4.4616e-39,6.01385e-40,3.07839e-40,1.06593e-40,9.83852e-42,5.43143e-42,1.49659e-42,5.04467e-43,1.37327e-43,2.10195e-44,2.8026e-45,1.4013e-45,0,0,0,0,0,0,0,0,0,0,0,0,0,0,0,0,0,0,0,0,0,0,0,0,0,0,0,0,0,0,0,0,0,0,0,0,0,0,0,0,0,0,0,0,0,0,0,0,0,0,0,0,0,0,0,0,0,0,0,0,0,0,0,0,0,0,0,0,0,0,0,0,0,0,0,0,0,0,0,0,0,0,0,0,0,0,0,0,0,0,0,0,0,0,0,0,0,0,0,0,0,0,0,0,0,0,0,0,0,0,0,0,0,0,0,0,0,0,0,0,0,0,0,0,0,0,0,0,0,0,0,0,0,0,0,0,0,0,0,0,0,0,0,0,0,0,0,0,0,0,0,0,0,0,0,0,0,0,0,0,0,0,0,0,0,0,0,0,0,0,0,0,0,0,0,0,0,0,0,0,0,0,0,0,0,0,0,0,0,0,0,0,0,0,0,0,0,0,0,0
45930.4,8881.42,3462.6,660.509,205.067,92.4447,45.6605,5.14704,2.2301,1.0181,0.197279,0.0804953,0.0299786,0.0196112,0.00512453,0.00243689,0.000359766,0.000245588,4.96107e-05,1.83324e-05,8.57798e-06,2.67881e-06,6.05104e-07,2.56175e-07,3.17914e-08,1.29704e-08,3.70734e-09,1.75777e-09,8.69489e-10,1.59513e-10,7.87401e-11,4.19816e-11,5.99814e-12,3.50659e-12,1.05213e-12,4.9062e-13,1.00007e-13,3.10861e-14,2.82171e-14,4.29204e-15,2.56607e-15,3.68758e-16,1.82425e-16,7.52094e-17,3.872e-17,7.3657e-18,1.62729e-18,5.66137e-19,1.57844e-19,1.2651e-19,2.09722e-20,3.05665e-21,1.79135e-22,1.1362e-22,2.1218e-23,1.4516e-23,6.80777e-24,2.2124e-24,5.54805e-25,1.09809e-25,2.96741e-26,1.07782e-26,3.08547e-27,8.56753e-28,2.13359e-28,3.8903e-29,1.5268e-29,5.10966e-30,8.1738e-31,1.62742e-31,8.05855e-32,5.73391e-32,2.66388e-32,5.23473e-33,1.6816e-33,6.38868e-34,5.38022e-35,2.59176e-35,1.87189e-36,4.34115e-37,1.57784e-37,1.8347e-38,4.75071e-39,1.54418e-39,1.08556e-39,1.89869e-40,4.98918e-41,1.94332e-41,8.24524e-42,1.89175e-42,5.85743e-43,2.77457e-43,1.12104e-43,3.92364e-44,1.26117e-44,2.8026e-45,0,0,0,0,0,0,0,0,0,0,0,0,0,0,0,0,0,0,0,0,0,0,0,0,0,0,0,0,0,0,0,0,0,0,0,0,0,0,0,0,0,0,0,0,0,0,0,0,0,0,0,0,0,0,0,0,0,0,0,0,0,0,0,0,0,0,0,0,0,0,0,0,0,0,0,0,0,0,0,0,0,0,0,0,0,0,0,0,0,0,0,0,0,0,0,0,0,0,0,0,0,0,0,0,0,0,0,0,0,0,0,0,0,0,0,0,0,0,0,0,0,0,0,0,0,0,0,0,0,0,0,0,0,0,0,0,0,0,0,0,0,0,0,0,0,0,0,0,0,0,0,0,0,0,0,0,0,0,0,0,0,0,0,0,0,0,0,0,0,0,0,0,0,0,0,0,0,0,0,0,0,0,0,0,0,0,0,0,0,0,0,0,0,0,0,0,0,0,0,0,0,0,0,0
43737.8,8428.47,3168.74,784.894,253.54,85.5546,50.2876,24.7861,11.811,0.460268,0.357681,0.230047,0.0547359,0.0316978,0.0137303,0.00394706,0.00319888,0.00149825,0.000445341,0.000116824,2.13626e-05,9.1089e-06,3.57552e-06,1.02023e-06,4.53831e-07,9.77766e-08,6.32971e-08,2.86149e-08,7.91352e-09,5.43411e-09,1.88876e-09,3.49757e-10,1.2628e-10,4.74976e-11,1.95054e-11,4.89058e-12,1.90581e-12,5.8088e-13,9.50514e-14,1.29223e-14,8.74777e-15,2.39638e-15,7.51208e-16,2.04908e-16,6.28265e-17,2.92635e-17,1.61512e-17,6.65588e-18,3.33106e-18,3.91257e-19,2.03133e-19,4.84064e-20,1.44783e-20,4.52642e-21,1.82699e-21,9.02965e-22,4.44267e-22,6.52908e-23,3.65067e-23,5.01491e-24,1.01729e-24,8.08094e-25,1.26986e-25,8.89728e-26,3.25897e-26,1.54809e-26,1.7648e-27,5.69751e-28,4.10898e-28,6.76019e-29,2.02386e-29,4.99004e-30,2.27247e-30,2.52219e-31,7.36257e-32,3.33126e-32,6.87576e-33,1.15588e-33,1.09193e-33,2.47864e-34,6.59137e-35,1.78664e-35,5.39321e-36,1.79656e-36,6.29948e-37,1.02507e-37,3.95067e-38,9.88523e-39,3.78675e-39,8.45028e-40,1.34327e-40,6.99626e-41,2.5086e-41,4.44352e-42,1.55684e-42,1.59748e-43,7.14662e-44,2.24208e-44,4.2039e-45,0,0,0,0,0,0,0,0,0,0,0,0,0,0,0,0,0,0,0,0,0,0,0,0,0,0,0,0,0,0,0,0,0,0,0,0,0,0,0,0,0,0,0,0,0,0,0,0,0,0,0,0,0,0,0,0,0,0,0,0,0,0,0,0,0,0,0,0,0,0,0,0,0,0,0,0,0,0,0,0,0,0,0,0,0,0,0,0,0,0,0,0,0,0,0,0,0,0,0,0,0,0,0,0,0,0,0,0,0,0,0,0,0,0,0,0,0,0,0,0,0,0,0,0,0,0,0,0,0,0,0,0,0,0,0,0,0,0,0,0,0,0,0,0,0,0,0,0,0,0,0,0,0,0,0,0,0,0,0,0,0,0,0,0,0,0,0,0,0,0,0,0,0,0,0,0,0,0,0,0,0,0,0,0,0,0,0,0,0,0,0,0,0,0,0,0,0,0,0,0,0
33225.4,6310.35,2089.51,1152.03,332.402,91.4582,29.7972,6.71332,1.4749,0.418869,0.199442,0.126746,0.0149945,0.00771286,0.00261244,0.000694298,6.37702e-05,4.42901e-05,7.71643e-06,2.08491e-06,6.94947e-07,1.27138e-07,7.24362e-08,2.01905e-08,7.14339e-09,2.61709e-09,9.40057e-10,8.04696e-12,8.04696e-12,3.14893e-12,2.63328e-12,1.96671e-12,2.9729e-13,3.87587e-14,3.15665e-14,7.32202e-15,4.77426e-15,1.15462e-15,2.96104e-16,1.77237e-16,2.1581e-17,1.92066e-17,3.78771e-18,1.64483e-18,8.38988e-19,2.47487e-19,5.70709e-20,2.60521e-20,1.17047e-20,1.6374e-21,5.33743e-22,7.51116e-23,1.67648e-23,9.61454e-24,2.98204e-24,4.35845e-25,2.19607e-25,4.99233e-26,2.42358e-26,7.03511e-27,1.72578e-27,5.73434e-28,1.16112e-28,3.77046e-29,1.03888e-29,2.07821e-30,4.72483e-31,1.10069e-31,3.03383e-32,7.09414e-33,1.97897e-33,7.85507e-34,2.10104e-34,6.0354e-35,1.16509e-35,3.05072e-36,8.35111e-37,1.41541e-37,7.21702e-38,2.36658e-38,1.29239e-38,2.8855e-39,7.6587e-40,1.3535e-40,5.97682e-41,1.67735e-41,2.76897e-42,4.97461e-43,2.24208e-43,6.02558e-44,1.12104e-44,1.4013e-45,0,0,0,0,0,0,0,0,0,0,0,0,0,0,0,0,0,0,0,0,0,0,0,0,0,0,0,0,0,0,0,0,0,0,0,0,0,0,0,0,0,0,0,0,0,0,0,0,0,0,0,0,0,0,0,0,0,0,0,0,0,0,0,0,0,0,0,0,0,0,0,0,0,0,0,0,0,0,0,0,0,0,0,0,0,0,0,0,0,0,0,0,0,0,0,0,0,0,0,0,0,0,0,0,0,0,0,0,0,0,0,0,0,0,0,0,0,0,0,0,0,0,0,0,0,0,0,0,0,0,0,0,0,0,0,0,0,0,0,0,0,0,0,0,0,0,0,0,0,0,0,0,0,0,0,0,0,0,0,0,0,0,0,0,0,0,0,0,0,0,0,0,0,0,0,0,0,0,0,0,0,0,0,0,0,0,0,0,0,0,0,0,0,0,0,0,0,0,0,0,0,0,0,0,0,0,0,0
33816.6,6342.55,1053.68,199.698,33.3247,12.191,4.22026,1.99055,0.573916,0.293859,0.0795712,0.0677,0.0210496,0.00363108,0.0020122,0.00184664,0.000628292,0.000170105,4.49781e-05,8.77426e-06,2.77169e-06,5.95905e-07,3.74175e-07,1.65476e-07,3.38258e-08,1.2877e-08,1.72843e-09,1.14708e-09,2.96539e-10,7.95899e-11,2.28039e-11,9.2981e-12,5.73979e-12,1.651e-12,5.48582e-13,1.55185e-13,6.42895e-14,1.12745e-14,4.2241e-15,1.8873e-15,1.74927e-16,8.33685e-17,3.28184e-17,6.88473e-18,5.57217e-18,1.72085e-18,3.43144e-19,1.52378e-19,8.16756e-20,6.08051e-20,9.77855e-21,3.12053e-21,1.04262e-21,2.73153e-23,2.40248e-23,6.60545e-24,4.64268e-24,2.19289e-24,7.79229e-25,5.66211e-25,1.82938e-25,5.61488e-26,8.53185e-27,1.9113e-27,1.41138e-27,2.56084e-28,2.19635e-28,6.50366e-29,1.29072e-29,3.25954e-30,8.13052e-31,3.26309e-31,8.47611e-32,3.80015e-32,5.94837e-33,1.08792e-33,8.65658e-34,1.47545e-34,4.3776e-35,1.41128e-35,5.19334e-36,6.91939e-37,2.31325e-37,3.76547e-38,1.34386e-38,6.71326e-40,5.28748e-40,1.252e-40,2.24334e-41,1.23398e-41,4.07498e-42,7.42688e-43,3.39114e-43,1.20512e-43,2.38221e-44,4.2039e-45,0,0,0,0,0,0,0,0,0,0,0,0,0,0,0,0,0,0,0,0,0,0,0,0,0,0,0,0,0,0,0,0,0,0,0,0,0,0,0,0,0,0,0,0,0,0,0,0,0,0,0,0,0,0,0,0,0,0,0,0,0,0,0,0,0,0,0,0,0,0,0,0,0,0,0,0,0,0,0,0,0,0,0,0,0,0,0,0,0,0,0,0,0,0,0,0,0,0,0,0,0,0,0,0,0,0,0,0,0,0,0,0,0,0,0,0,0,0,0,0,0,0,0,0,0,0,0,0,0,0,0,0,0,0,0,0,0,0,0,0,0,0,0,0,0,0,0,0,0,0,0,0,0,0,0,0,0,0,0,0,0,0,0,0,0,0,0,0,0,0,0,0,0,0,0,0,0,0,0,0,0,0,0,0,0,0,0,0,0,0,0,0,0,0,0,0,0,0,0,0,0,0,0,0
23862.7,5622.69,1866.89,434.73,80.8107,36.7072,5.46369,3.14603,0.920892,0.167657,0.0884512,0.0390488,0.00658825,0.00235308,0.000894855,0.000471541,0.000167042,6.22434e-05,7.51896e-06,7.51896e-06,3.22109e-06,1.02895e-06,6.563e-07,1.6855e-07,1.3941e-07,3.75948e-08,9.66335e-09,4.42585e-09,7.11909e-10,4.27721e-10,1.25243e-10,5.76113e-11,1.76725e-11,3.30875e-12,2.62845e-12,1.85636e-12,4.07757e-13,8.23471e-14,1.8551e-14,7.46427e-15,3.10994e-15,1.6868e-15,5.23441e-16,2.56877e-16,5.38155e-17,2.04318e-17,6.42879e-18,3.5614e-18,7.48553e-19,3.67546e-19,9.47131e-20,6.25729e-20,1.49282e-20,3.51198e-21,9.5396e-22,3.06977e-22,1.16271e-22,3.1198e-23,1.43372e-23,7.53133e-24,3.64427e-24,9.69241e-25,2.5935e-25,5.32941e-26,3.48811e-26,8.99877e-27,2.07374e-27,1.68839e-27,2.61938e-28,9.49439e-29,2.18521e-29,1.20082e-29,3.75595e-30,1.99644e-30,4.17987e-31,3.42193e-31,9.85038e-32,1.7727e-32,2.08739e-33,1.08429e-33,4.14218e-34,6.61557e-35,1.41284e-35,4.48132e-36,3.06583e-36,2.04762e-36,4.43991e-37,1.07309e-37,5.35247e-39,4.85528e-39,9.62202e-40,2.02991e-40,6.22583e-41,2.40841e-41,9.62412e-42,3.11929e-42,1.32983e-42,3.33509e-43,1.00893e-43,3.92364e-44,5.60519e-45,4.2039e-45,0,0,0,0,0,0,0,0,0,0,0,0,0,0,0,0,0,0,0,0,0,0,0,0,0,0,0,0,0,0,0,0,0,0,0,0,0,0,0,0,0,0,0,0,0,0,0,0,0,0,0,0,0,0,0,0,0,0,0,0,0,0,0,0,0,0,0,0,0,0,0,0,0,0,0,0,0,0,0,0,0,0,0,0,0,0,0,0,0,0,0,0,0,0,0,0,0,0,0,0,0,0,0,0,0,0,0,0,0,0,0,0,0,0,0,0,0,0,0,0,0,0,0,0,0,0,0,0,0,0,0,0,0,0,0,0,0,0,0,0,0,0,0,0,0,0,0,0,0,0,0,0,0,0,0,0,0,0,0,0,0,0,0,0,0,0,0,0,0,0,0,0,0,0,0,0,0,0,0,0,0,0,0,0,0,0,0,0,0,0,0,0,0,0,0,0,0,0
36283.6,11574.3,3766.59,743.461,385.676,89.4647,62.6837,9.63351,2.55366,0.533467,0.225639,0.0497376,0.0209857,0.00254513,0.00239752,0.000515532,8.25775e-05,3.13532e-05,1.17913e-05,2.28591e-06,1.23432e-06,2.08028e-07,5.12138e-08,2.66639e-08,5.54579e-09,2.70393e-09,4.69904e-10,2.12163e-10,2.0131e-11,7.16956e-12,4.21493e-12,3.60916e-12,1.12109e-12,4.45737e-13,2.04809e-13,9.3589e-14,1.14551e-14,7.01174e-15,1.84607e-15,9.03831e-16,5.76316e-16,1.48372e-16,4.0622e-17,7.12827e-18,2.31896e-18,7.90825e-19,1.91315e-19,2.36903e-20,8.38618e-21,2.96696e-21,4.78934e-22,1.96175e-22,5.37374e-23,4.59907e-23,2.55847e-23,1.10585e-23,4.15266e-24,8.35469e-25,7.28764e-25,1.42408e-25,4.38811e-26,7.36916e-27,1.32239e-27,8.18498e-28,3.95543e-28,8.904e-29,3.14158e-29,1.90344e-29,1.30583e-29,1.78085e-30,2.74027e-31,1.20208e-31,3.86996e-32,9.14443e-33,4.37341e-33,1.1871e-33,2.64661e-34,3.30956e-35,1.1957e-35,6.90004e-36,2.36407e-36,9.99535e-37,2.88633e-37,5.22934e-38,1.85337e-38,7.8488e-39,2.00128e-39,6.30353e-40,2.23992e-40,9.81371e-41,2.31116e-41,4.6439e-42,2.77317e-42,1.75583e-42,2.03188e-43,8.68805e-44,4.48416e-44,9.80909e-45,0,0,0,0,0,0,0,0,0,0,0,0,0,0,0,0,0,0,0,0,0,0,0,0,0,0,0,0,0,0,0,0,0,0,0,0,0,0,0,0,0,0,0,0,0,0,0,0,0,0,0,0,0,0,0,0,0,0,0,0,0,0,0,0,0,0,0,0,0,0,0,0,0,0,0,0,0,0,0,0,0,0,0,0,0,0,0,0,0,0,0,0,0,0,0,0,0,0,0,0,0,0,0,0,0,0,0,0,0,0,0,0,0,0,0,0,0,0,0,0,0,0,0,0,0,0,0,0,0,0,0,0,0,0,0,0,0,0,0,0,0,0,0,0,0,0,0,0,0,0,0,0,0,0,0,0,0,0,0,0,0,0,0,0,0,0,0,0,0,0,0,0,0,0,0,0,0,0,0,0,0,0,0,0,0,0,0,0,0,0,0,0,0,0,0,0,0,0,0,0,0,0
37648.7,13339.2,1803.1,532.636,63.0291,31.9533,15.8648,10.1331,1.17204,0.22717,0.0746207,0.0479861,0.0226527,0.0105768,0.00344867,0.00138085,0.000389407,0.000106351,2.91833e-05,2.27957e-05,2.21322e-05,1.44814e-05,4.58346e-06,1.75487e-06,2.13394e-07,4.70945e-08,3.20114e-08,6.79017e-09,2.6105e-09,9.15281e-10,4.04018e-10,1.10464e-10,3.98648e-11,6.0594e-12,2.28999e-12,6.52072e-13,1.6601e-13,8.14009e-14,2.39118e-14,7.03139e-15,3.67604e-15,2.44216e-15,7.21137e-16,9.70623e-17,2.07818e-17,9.91241e-18,9.19937e-19,5.34089e-19,8.47879e-20,2.47671e-20,1.24685e-20,4.3455e-21,8.18214e-22,6.88299e-22,3.19254e-22,1.40227e-22,2.43095e-23,8.92658e-24,2.91874e-24,8.50495e-25,4.47696e-25,1.107e-25,7.50758e-26,3.63071e-26,8.33516e-27,2.24984e-27,1.24985e-27,2.71563e-28,9.4024e-29,1.9585e-29,3.34713e-30,1.91973e-30,3.63352e-31,8.89677e-32,2.68306e-32,8.733e-33,1.93143e-33,1.34034e-33,2.88853e-34,9.50405e-35,1.95303e-35,2.22087e-36,5.78164e-37,1.3988e-37,2.94489e-38,1.25074e-38,6.52891e-39,1.76723e-39,8.24404e-40,3.75795e-40,1.51727e-40,3.35863e-41,7.84587e-42,1.4055e-42,3.51726e-43,1.16308e-43,2.8026e-44,7.00649e-45,1.4013e-45,0,0,0,0,0,0,0,0,0,0,0,0,0,0,0,0,0,0,0,0,0,0,0,0,0,0,0,0,0,0,0,0,0,0,0,0,0,0,0,0,0,0,0,0,0,0,0,0,0,0,0,0,0,0,0,0,0,0,0,0,0,0,0,0,0,0,0,0,0,0,0,0,0,0,0,0,0,0,0,0,0,0,0,0,0,0,0,0,0,0,0,0,0,0,0,0,0,0,0,0,0,0,0,0,0,0,0,0,0,0,0,0,0,0,0,0,0,0,0,0,0,0,0,0,0,0,0,0,0,0,0,0,0,0,0,0,0,0,0,0,0,0,0,0,0,0,0,0,0,0,0,0,0,0,0,0,0,0,0,0,0,0,0,0,0,0,0,0,0,0,0,0,0,0,0,0,0,0,0,0,0,0,0,0,0,0,0,0,0,0,0,0,0,0,0,0,0,0,0,0,0
43362.3,8028.07,4738.54,601.759,362.839,94.5931,44.2269,12.4128,3.58026,0.795693,0.432628,0.089442,0.0205324,0.0118217,0.00469142,0.00129927,0.000191543,5.8109e-05,1.48682e-05,3.13215e-06,8.69046e-07,2.45174e-07,5.86136e-08,1.4724e-08,9.92631e-09,3.49113e-09,5.92975e-10,2.18923e-10,1.12826e-10,2.58497e-11,7.50597e-12,4.1889e-12,1.79664e-12,3.20978e-13,6.54141e-14,1.39031e-14,1.2612e-14,5.79936e-15,1.49587e-15,4.56291e-16,2.07027e-16,6.81396e-17,2.68459e-17,1.06219e-17,3.45576e-18,9.69843e-19,3.55813e-19,1.50893e-19,1.36287e-20,1.9667e-21,1.92277e-21,5.71246e-22,1.64138e-22,4.19406e-23,8.39913e-24,2.19505e-24,1.06607e-24,3.6259e-25,9.55162e-26,2.66292e-26,1.37245e-26,5.90796e-27,1.64129e-27,1.9195e-28,7.00749e-29,1.85667e-29,9.72013e-30,3.82889e-30,7.23227e-31,2.79985e-31,1.5083e-31,3.03351e-32,6.40793e-33,1.67634e-33,4.37213e-34,1.82157e-34,9.01005e-35,1.54031e-35,3.23181e-36,1.67216e-36,4.84921e-37,1.26762e-37,5.988e-38,1.77196e-38,6.53046e-39,2.70705e-39,4.72282e-40,2.35408e-40,5.76158e-41,1.65605e-41,4.8583e-42,8.4218e-43,3.46121e-43,7.70714e-44,9.80909e-45,4.2039e-45,0,0,0,0,0,0,0,0,0,0,0,0,0,0,0,0,0,0,0,0,0,0,0,0,0,0,0,0,0,0,0,0,0,0,0,0,0,0,0,0,0,0,0,0,0,0,0,0,0,0,0,0,0,0,0,0,0,0,0,0,0,0,0,0,0,0,0,0,0,0,0,0,0,0,0,0,0,0,0,0,0,0,0,0,0,0,0,0,0,0,0,0,0,0,0,0,0,0,0,0,0,0,0,0,0,0,0,0,0,0,0,0,0,0,0,0,0,0,0,0,0,0,0,0,0,0,0,0,0,0,0,0,0,0,0,0,0,0,0,0,0,0,0,0,0,0,0,0,0,0,0,0,0,0,0,0,0,0,0,0,0,0,0,0,0,0,0,0,0,0,0,0,0,0,0,0,0,0,0,0,0,0,0,0,0,0,0,0,0,0,0,0,0,0,0,0,0,0,0,0,0,0,0,0
42807.9,15984.1,3096.09,727.911,325.589,164.505,17.7335,16.5221,4.24316,1.68192,0.69754,0.125213,0.0469243,0.00578189,0.00386713,0.000691713,0.000259117,0.000210227,4.81347e-05,3.99146e-05,1.16755e-05,4.72675e-06,2.09873e-06,4.00663e-07,1.44529e-07,5.0676e-08,1.61219e-08,1.23606e-08,2.7973e-09,1.09171e-09,2.64616e-10,1.56026e-10,4.95252e-11,2.09527e-11,4.87727e-12,8.20733e-13,7.91569e-13,3.01576e-13,8.1384e-14,1.88734e-14,7.03615e-15,1.39639e-15,1.39639e-15,7.13348e-16,3.18191e-16,1.15738e-16,2.2927e-17,9.14208e-18,2.89401e-18,3.77581e-19,7.53153e-20,4.12574e-20,2.27141e-20,6.34625e-21,2.61805e-21,3.2245e-22,3.88764e-23,2.45878e-23,8.12527e-24,1.6979e-24,4.12188e-25,6.81151e-26,2.50919e-26,5.21505e-27,1.15465e-27,7.32135e-28,2.33945e-28,5.4867e-29,1.91454e-29,1.46122e-29,2.70442e-30,1.07905e-30,4.12454e-31,8.94351e-32,2.67579e-32,1.01132e-32,6.31291e-33,1.33796e-33,3.01223e-34,5.85948e-35,6.33115e-36,3.22832e-36,8.49612e-37,2.1735e-37,1.45884e-37,1.08867e-38,6.71357e-39,1.73663e-39,6.13064e-40,2.08541e-40,4.58687e-41,8.24384e-42,1.72079e-42,5.77335e-43,2.20004e-43,6.86636e-44,1.54143e-44,7.00649e-45,2.8026e-45,0,0,0,0,0,0,0,0,0,0,0,0,0,0,0,0,0,0,0,0,0,0,0,0,0,0,0,0,0,0,0,0,0,0,0,0,0,0,0,0,0,0,0,0,0,0,0,0,0,0,0,0,0,0,0,0,0,0,0,0,0,0,0,0,0,0,0,0,0,0,0,0,0,0,0,0,0,0,0,0,0,0,0,0,0,0,0,0,0,0,0,0,0,0,0,0,0,0,0,0,0,0,0,0,0,0,0,0,0,0,0,0,0,0,0,0,0,0,0,0,0,0,0,0,0,0,0,0,0,0,0,0,0,0,0,0,0,0,0,0,0,0,0,0,0,0,0,0,0,0,0,0,0,0,0,0,0,0,0,0,0,0,0,0,0,0,0,0,0,0,0,0,0,0,0,0,0,0,0,0,0,0,0,0,0,0,0,0,0,0,0,0,0,0,0,0,0,0,0,0,0
21669.3,5049.76,2560.7,619.18,167.11,53.4489,18.6541,11.1905,10.471,1.23172,0.971039,0.194716,0.0842868,0.0199425,0.00332683,0.00162012,0.000512167,0.000188884,7.30777e-05,1.08987e-05,3.01468e-06,1.7609e-06,8.84295e-07,1.45004e-07,5.58664e-08,2.38999e-08,8.71688e-09,3.2343e-09,1.06001e-09,3.92756e-10,1.65761e-10,6.49799e-11,2.43434e-11,9.63968e-12,5.11638e-12,9.92101e-13,3.13277e-13,1.4938e-13,2.5208e-14,8.32952e-15,2.6812e-15,9.88232e-16,2.96667e-16,2.23974e-16,7.27405e-17,1.94842e-17,6.00971e-18,1.90649e-18,8.05395e-19,4.22901e-19,1.21868e-19,2.26135e-20,9.29396e-21,6.47377e-21,1.7659e-21,5.13246e-22,1.70541e-22,2.82989e-23,1.41971e-23,2.88906e-24,1.02121e-24,1.54235e-25,4.34724e-26,2.98101e-26,8.6312e-27,2.38767e-27,5.18522e-28,3.19351e-28,2.48389e-29,7.76454e-30,2.93825e-30,5.61188e-31,6.15366e-32,6.03077e-32,2.31279e-32,6.67578e-33,1.27068e-33,5.77825e-34,2.82388e-34,3.55486e-35,5.06336e-36,2.31876e-36,4.96073e-37,2.06232e-37,4.87044e-38,2.77432e-38,1.10613e-38,1.92343e-39,9.55208e-40,1.59129e-40,2.40407e-41,3.39254e-42,2.36679e-42,6.08164e-43,2.28412e-43,6.02558e-44,8.40779e-45,0,0,0,0,0,0,0,0,0,0,0,0,0,0,0,0,0,0,0,0,0,0,0,0,0,0,0,0,0,0,0,0,0,0,0,0,0,0,0,0,0,0,0,0,0,0,0,0,0,0,0,0,0,0,0,0,0,0,0,0,0,0,0,0,0,0,0,0,0,0,0,0,0,0,0,0,0,0,0,0,0,0,0,0,0,0,0,0,0,0,0,0,0,0,0,0,0,0,0,0,0,0,0,0,0,0,0,0,0,0,0,0,0,0,0,0,0,0,0,0,0,0,0,0,0,0,0,0,0,0,0,0,0,0,0,0,0,0,0,0,0,0,0,0,0,0,0,0,0,0,0,0,0,0,0,0,0,0,0,0,0,0,0,0,0,0,0,0,0,0,0,0,0,0,0,0,0,0,0,0,0,0,0,0,0,0,0,0,0,0,0,0,0,0,0,0,0,0,0,0,0,0,0
26269.7,5627.95,2912.28,753.18,256.41,57.7118,10.9607,3.84643,0.720411,0.629581,0.305546,0.0911905,0.0116909,0.0018179,0.00120598,0.000489259,7.64272e-05,3.38754e-05,4.90069e-06,1.55386e-06,4.35006e-07,1.9451e-07,5.87592e-08,1.57148e-08,7.51034e-09,2.92251e-09,1.4095e-09,5.24588e-10,2.14117e-10,6.91814e-11,2.93126e-11,1.71202e-11,5.79239e-12,2.45615e-12,8.62366e-13,2.46727e-13,1.43589e-13,5.10343e-14,1.55119e-14,9.84914e-15,1.85446e-15,3.58358e-16,8.97439e-17,1.94829e-17,5.17559e-18,1.62145e-18,5.93167e-19,1.97263e-19,4.46491e-20,1.06426e-20,2.01938e-21,6.96463e-22,2.6562e-22,4.93891e-23,2.82095e-23,6.41498e-24,1.67855e-24,1.35091e-24,1.9316e-25,2.45241e-26,7.19388e-27,3.90478e-27,6.32321e-28,2.53592e-28,6.48586e-29,1.31886e-29,4.98527e-30,4.03566e-31,7.01745e-32,5.20334e-32,1.84314e-32,3.63507e-33,1.23041e-33,7.77939e-34,2.57344e-34,8.82289e-35,2.24858e-35,4.95365e-36,1.97043e-36,3.73772e-37,1.70295e-37,6.66385e-38,5.86291e-38,1.54379e-38,3.84921e-39,1.31367e-39,3.85084e-40,1.81506e-40,3.25311e-41,5.04467e-42,2.591e-42,2.56438e-43,1.05097e-43,3.08286e-44,1.26117e-44,0,0,0,0,0,0,0,0,0,0,0,0,0,0,0,0,0,0,0,0,0,0,0,0,0,0,0,0,0,0,0,0,0,0,0,0,0,0,0,0,0,0,0,0,0,0,0,0,0,0,0,0,0,0,0,0,0,0,0,0,0,0,0,0,0,0,0,0,0,0,0,0,0,0,0,0,0,0,0,0,0,0,0,0,0,0,0,0,0,0,0,0,0,0,0,0,0,0,0,0,0,0,0,0,0,0,0,0,0,0,0,0,0,0,0,0,0,0,0,0,0,0,0,0,0,0,0,0,0,0,0,0,0,0,0,0,0,0,0,0,0,0,0,0,0,0,0,0,0,0,0,0,0,0,0,0,0,0,0,0,0,0,0,0,0,0,0,0,0,0,0,0,0,0,0,0,0,0,0,0,0,0,0,0,0,0,0,0,0,0,0,0,0,0,0,0,0,0,0,0,0,0,0,0,0
42420.7,16055.4,2616.3,514.505,298.265,128.119,52.1654,9.99187,5.37191,1.06429,0.98542,0.213081,0.0903197,0.0675045,0.0143971,0.00776085,0.00290786,0.0010601,0.000970187,0.000160141,3.63908e-05,6.15986e-06,2.1381e-06,1.48333e-06,3.53893e-07,5.10413e-08,3.74077e-08,2.41505e-08,9.14312e-09,3.112e-09,6.73344e-10,2.41778e-10,1.29997e-10,9.87461e-11,1.80259e-11,4.63667e-12,1.75145e-12,3.59656e-13,1.432e-13,3.10116e-14,1.75275e-14,3.4528e-15,1.28107e-15,5.64007e-16,5.93418e-17,2.07449e-17,4.61483e-18,3.91693e-18,7.40984e-19,3.18828e-19,1.48969e-19,3.82673e-20,6.69313e-21,1.97547e-21,1.17349e-21,2.98743e-22,4.16768e-23,1.46237e-23,6.11101e-24,1.10423e-24,8.49353e-26,4.62705e-26,2.12512e-26,7.72037e-27,1.76293e-27,1.47487e-27,4.79386e-28,2.53746e-28,4.34101e-29,2.12498e-29,9.73454e-30,3.73278e-30,8.96573e-31,3.06353e-31,7.51443e-32,2.0079e-32,5.84196e-33,1.86686e-33,2.91275e-34,1.29101e-34,3.73742e-35,2.01069e-35,4.39644e-36,5.28368e-37,1.39623e-37,6.01576e-38,2.80523e-38,5.87804e-39,6.89241e-40,3.14227e-40,8.61406e-41,1.46702e-41,2.4831e-42,1.03276e-42,3.58732e-43,1.14906e-43,3.22299e-44,5.60519e-45,0,0,0,0,0,0,0,0,0,0,0,0,0,0,0,0,0,0,0,0,0,0,0,0,0,0,0,0,0,0,0,0,0,0,0,0,0,0,0,0,0,0,0,0,0,0,0,0,0,0,0,0,0,0,0,0,0,0,0,0,0,0,0,0,0,0,0,0,0,0,0,0,0,0,0,0,0,0,0,0,0,0,0,0,0,0,0,0,0,0,0,0,0,0,0,0,0,0,0,0,0,0,0,0,0,0,0,0,0,0,0,0,0,0,0,0,0,0,0,0,0,0,0,0,0,0,0,0,0,0,0,0,0,0,0,0,0,0,0,0,0,0,0,0,0,0,0,0,0,0,0,0,0,0,0,0,0,0,0,0,0,0,0,0,0,0,0,0,0,0,0,0,0,0,0,0,0,0,0,0,0,0,0,0,0,0,0,0,0,0,0,0,0,0,0,0,0,0,0,0,0,0
40903.9,12413.3,1545.79,1285.28,666.639,265.851,106.198,39.1756,27.103,17.2329,4.66557,1.14862,0.442253,0.191174,0.0779905,0.0222412,0.00691646,0.0028775,0.00136354,0.000593763,0.000357811,8.35746e-05,2.94907e-05,8.5795e-06,1.73738e-06,9.79146e-07,2.10165e-07,1.31074e-07,3.8576e-08,1.62964e-08,5.44965e-09,1.03944e-09,1.5263e-10,3.6041e-11,1.51677e-11,1.30735e-11,3.93263e-12,7.91106e-13,1.32786e-13,8.42961e-14,1.16729e-14,1.09411e-14,2.21469e-15,4.00958e-16,2.07406e-16,5.44529e-17,2.71574e-17,5.24322e-18,6.78704e-19,1.92489e-19,5.49082e-20,2.08901e-20,9.10161e-21,3.17981e-21,1.42769e-21,2.33384e-23,2.33384e-23,1.62603e-23,6.7095e-24,4.38648e-24,1.46333e-24,2.00971e-25,8.88535e-26,7.75062e-26,2.82103e-26,3.87481e-27,3.16814e-27,4.9662e-28,1.63165e-28,7.25787e-29,1.90957e-29,1.17249e-29,4.629e-30,7.95836e-31,6.33734e-31,2.83956e-31,7.05958e-32,2.35341e-32,4.3407e-33,2.168e-33,4.84844e-34,2.0754e-34,9.42383e-35,2.84079e-35,1.21835e-35,4.9919e-36,1.6469e-36,4.70898e-37,2.60275e-37,5.30214e-38,2.06698e-38,6.92527e-39,1.12805e-39,9.87781e-40,2.36794e-40,7.13892e-41,1.59314e-41,2.29813e-42,9.61291e-43,2.10195e-43,7.14662e-44,1.12104e-44,1.4013e-45,0,0,0,0,0,0,0,0,0,0,0,0,0,0,0,0,0,0,0,0,0,0,0,0,0,0,0,0,0,0,0,0,0,0,0,0,0,0,0,0,0,0,0,0,0,0,0,0,0,0,0,0,0,0,0,0,0,0,0,0,0,0,0,0,0,0,0,0,0,0,0,0,0,0,0,0,0,0,0,0,0,0,0,0,0,0,0,0,0,0,0,0,0,0,0,0,0,0,0,0,0,0,0,0,0,0,0,0,0,0,0,0,0,0,0,0,0,0,0,0,0,0,0,0,0,0,0,0,0,0,0,0,0,0,0,0,0,0,0,0,0,0,0,0,0,0,0,0,0,0,0,0,0,0,0,0,0,0,0,0,0,0,0,0,0,0,0,0,0,0,0,0,0,0,0,0,0,0,0,0,0,0,0,0,0,0,0,0,0,0,0,0,0,0,0,0,0
46907,7426.03,1596.66,1071.24,233.818,164.502,31.2501,9.94008,4.71354,1.46392,0.479786,0.180738,0.130108,0.0518311,0.0244852,0.00567644,0.00157973,0.000475617,0.000175131,4.78538e-05,5.5384e-06,1.30923e-06,1.19762e-06,4.76184e-07,5.54401e-08,1.63804e-08,6.6686e-09,3.49895e-09,1.50227e-09,1.10259e-09,2.75781e-10,7.60768e-11,3.24785e-11,7.50524e-12,4.73931e-12,9.69549e-13,2.13492e-13,4.0426e-14,1.18567e-14,3.47256e-15,1.36964e-16,8.25158e-17,6.22632e-17,1.23847e-17,3.36248e-18,7.15704e-19,4.71695e-19,1.00087e-19,3.92163e-20,2.55907e-20,8.0448e-21,1.0906e-21,2.88698e-22,1.59644e-22,3.48501e-23,1.03144e-23,4.11399e-24,1.17076e-24,2.00328e-25,3.52566e-26,3.20296e-26,8.71869e-27,1.54266e-27,3.03806e-28,1.76112e-28,5.26217e-29,1.9101e-29,4.38793e-30,1.34823e-30,5.26194e-31,4.89929e-32,7.50413e-33,2.20421e-33,5.53804e-34,3.39648e-34,3.53528e-35,1.35948e-35,3.13664e-36,2.40184e-36,5.12208e-37,2.11683e-37,5.91626e-38,1.96055e-38,3.14032e-39,1.77958e-39,4.89317e-40,1.43361e-40,3.69775e-41,1.03584e-41,3.05763e-42,9.85113e-43,3.41917e-43,9.24857e-44,1.96182e-44,1.4013e-45,0,0,0,0,0,0,0,0,0,0,0,0,0,0,0,0,0,0,0,0,0,0,0,0,0,0,0,0,0,0,0,0,0,0,0,0,0,0,0,0,0,0,0,0,0,0,0,0,0,0,0,0,0,0,0,0,0,0,0,0,0,0,0,0,0,0,0,0,0,0,0,0,0,0,0,0,0,0,0,0,0,0,0,0,0,0,0,0,0,0,0,0,0,0,0,0,0,0,0,0,0,0,0,0,0,0,0,0,0,0,0,0,0,0,0,0,0,0,0,0,0,0,0,0,0,0,0,0,0,0,0,0,0,0,0,0,0,0,0,0,0,0,0,0,0,0,0,0,0,0,0,0,0,0,0,0,0,0,0,0,0,0,0,0,0,0,0,0,0,0,0,0,0,0,0,0,0,0,0,0,0,0,0,0,0,0,0,0,0,0,0,0,0,0,0,0,0,0,0,0,0,0,0,0,0
46595.4,8459.7,2884.51,1084.97,166.856,47.3468,24.0438,11.4562,3.72967,2.51383,0.951419,0.0972084,0.0723114,0.0134159,0.00388752,0.00157102,0.000504707,0.000312354,0.000125671,1.75223e-05,9.5027e-06,1.63743e-06,1.16177e-06,3.14017e-07,1.83944e-07,5.21897e-08,2.09427e-08,4.24123e-09,1.37285e-09,6.16408e-10,9.50766e-11,3.86917e-11,1.30304e-11,8.23462e-12,4.26883e-12,7.6648e-13,3.36091e-13,1.01891e-13,5.42133e-14,9.85941e-15,7.29165e-15,6.12825e-16,5.47999e-16,1.56272e-16,6.34227e-17,1.52732e-17,3.84928e-18,9.51431e-19,2.94211e-19,1.09255e-19,2.57844e-20,8.05291e-21,6.5693e-21,3.31367e-21,8.53528e-22,2.55224e-22,6.62822e-23,2.01603e-23,1.08914e-23,2.75651e-24,6.38479e-25,3.22132e-25,6.0102e-26,3.52893e-26,2.97987e-26,4.79831e-27,1.34445e-27,9.97146e-28,2.26941e-28,5.47999e-29,1.47601e-29,6.78187e-30,1.8383e-30,4.74335e-31,1.11236e-31,6.72061e-32,7.71129e-33,3.77331e-33,6.27347e-34,3.26125e-34,1.72426e-34,7.44189e-35,1.8285e-35,3.88359e-36,2.34236e-36,3.83101e-37,1.74258e-37,1.193e-37,4.22574e-38,1.17807e-38,3.03608e-39,1.53146e-39,2.01371e-40,8.88115e-41,3.26881e-41,1.37215e-41,2.56718e-42,1.07059e-42,3.5593e-43,7.56701e-44,2.24208e-44,0,0,0,0,0,0,0,0,0,0,0,0,0,0,0,0,0,0,0,0,0,0,0,0,0,0,0,0,0,0,0,0,0,0,0,0,0,0,0,0,0,0,0,0,0,0,0,0,0,0,0,0,0,0,0,0,0,0,0,0,0,0,0,0,0,0,0,0,0,0,0,0,0,0,0,0,0,0,0,0,0,0,0,0,0,0,0,0,0,0,0,0,0,0,0,0,0,0,0,0,0,0,0,0,0,0,0,0,0,0,0,0,0,0,0,0,0,0,0,0,0,0,0,0,0,0,0,0,0,0,0,0,0,0,0,0,0,0,0,0,0,0,0,0,0,0,0,0,0,0,0,0,0,0,0,0,0,0,0,0,0,0,0,0,0,0,0,0,0,0,0,0,0,0,0,0,0,0,0,0,0,0,0,0,0,0,0,0,0,0,0,0,0,0,0,0,0,0,0
40113.1,9078.21,2479.43,244.051,101.259,29.6415,23.0524,9.83175,3.11316,1.54622,0.584819,0.227759,0.0784278,0.0225513,0.00950384,0.0041122,0.000880631,0.000310208,4.65994e-05,9.01185e-06,5.08893e-06,8.6792e-07,4.68798e-07,2.09468e-07,6.9217e-08,1.90815e-08,4.86674e-09,1.18932e-09,1.30963e-10,1.82013e-11,1.3513e-11,1.78231e-12,5.19516e-13,2.13122e-13,5.68734e-14,4.84494e-14,1.34966e-14,4.397e-15,1.95801e-15,4.89379e-16,1.74941e-16,5.5406e-17,1.56752e-17,4.41384e-18,2.28873e-18,5.58051e-19,1.8118e-19,1.53261e-20,9.36723e-21,3.78895e-21,1.03454e-21,4.13777e-22,1.28373e-22,4.95927e-23,6.98279e-24,3.89861e-24,6.86325e-25,1.64634e-25,7.86023e-26,2.18215e-26,6.44777e-27,4.7022e-29,4.27472e-29,3.97439e-29,3.00904e-29,6.34908e-30,1.95992e-30,6.42015e-31,1.61119e-31,4.28202e-32,6.67125e-33,2.22887e-33,8.08257e-34,2.34051e-34,5.28683e-35,1.42313e-35,8.15095e-36,2.16047e-36,7.31483e-37,2.81683e-37,6.3155e-38,6.55762e-39,3.4761e-39,1.56035e-39,3.48873e-40,1.49276e-40,6.02572e-41,1.87942e-41,8.5213e-42,1.70538e-42,6.01157e-43,1.23314e-43,4.34403e-44,9.80909e-45,2.8026e-45,0,0,0,0,0,0,0,0,0,0,0,0,0,0,0,0,0,0,0,0,0,0,0,0,0,0,0,0,0,0,0,0,0,0,0,0,0,0,0,0,0,0,0,0,0,0,0,0,0,0,0,0,0,0,0,0,0,0,0,0,0,0,0,0,0,0,0,0,0,0,0,0,0,0,0,0,0,0,0,0,0,0,0,0,0,0,0,0,0,0,0,0,0,0,0,0,0,0,0,0,0,0,0,0,0,0,0,0,0,0,0,0,0,0,0,0,0,0,0,0,0,0,0,0,0,0,0,0,0,0,0,0,0,0,0,0,0,0,0,0,0,0,0,0,0,0,0,0,0,0,0,0,0,0,0,0,0,0,0,0,0,0,0,0,0,0,0,0,0,0,0,0,0,0,0,0,0,0,0,0,0,0,0,0,0,0,0,0,0,0,0,0,0,0,0,0,0,0,0,0,0,0,0,0,0
31477.6,11640.8,4612.29,1370.07,485.578,126.795,100.537,28.3891,20.9097,5.31987,1.24451,0.431885,0.0919848,0.0248151,0.00572067,0.0027121,0.00102523,0.000157256,3.8371e-05,3.78265e-05,5.90883e-06,2.26052e-06,7.34785e-07,4.14687e-07,1.08875e-07,4.14728e-08,1.33031e-08,8.26248e-09,2.54813e-09,1.27359e-09,2.1987e-10,4.566e-11,2.411e-11,2.32076e-11,5.89521e-12,1.34499e-12,3.15826e-13,1.26578e-13,4.12666e-14,5.03922e-15,1.36363e-15,3.11611e-16,1.72728e-16,2.6228e-17,1.27452e-17,3.85359e-18,1.04239e-18,6.81089e-19,9.68286e-20,6.26245e-20,2.64877e-20,5.2424e-21,3.66809e-21,1.58446e-21,5.26541e-22,1.05152e-22,2.74819e-23,1.00921e-23,2.47405e-24,1.23031e-24,3.24837e-25,1.53006e-25,5.57883e-26,2.65707e-26,6.73502e-27,3.92206e-27,4.85625e-28,2.20223e-28,9.00058e-29,1.69948e-29,6.55134e-30,1.60441e-30,5.19921e-31,1.5009e-31,2.84832e-32,1.5626e-32,1.86772e-33,1.57609e-33,8.80585e-34,2.54526e-34,6.26705e-35,2.15517e-35,7.45053e-36,2.12558e-36,3.44726e-37,1.61473e-37,5.31368e-38,7.67122e-39,1.84721e-39,7.53146e-40,1.72158e-40,8.01879e-41,2.05991e-41,2.4859e-42,6.16571e-43,3.25101e-43,5.88545e-44,1.68156e-44,0,0,0,0,0,0,0,0,0,0,0,0,0,0,0,0,0,0,0,0,0,0,0,0,0,0,0,0,0,0,0,0,0,0,0,0,0,0,0,0,0,0,0,0,0,0,0,0,0,0,0,0,0,0,0,0,0,0,0,0,0,0,0,0,0,0,0,0,0,0,0,0,0,0,0,0,0,0,0,0,0,0,0,0,0,0,0,0,0,0,0,0,0,0,0,0,0,0,0,0,0,0,0,0,0,0,0,0,0,0,0,0,0,0,0,0,0,0,0,0,0,0,0,0,0,0,0,0,0,0,0,0,0,0,0,0,0,0,0,0,0,0,0,0,0,0,0,0,0,0,0,0,0,0,0,0,0,0,0,0,0,0,0,0,0,0,0,0,0,0,0,0,0,0,0,0,0,0,0,0,0,0,0,0,0,0,0,0,0,0,0,0,0,0,0,0,0,0,0,0,0,0
49402.2,9734.96,1446.51,828.675,166.203,162.547,54.9228,25.4561,13.055,2.56977,1.57057,0.25314,0.061713,0.026175,0.0105786,0.00464871,0.00133749,0.000561288,0.000179791,0.000121151,3.49886e-05,1.67145e-05,7.96585e-06,2.38684e-06,9.09606e-07,4.21171e-07,8.42618e-08,4.87263e-08,1.48035e-08,1.29771e-08,3.95672e-09,1.29814e-09,5.28052e-10,1.2547e-10,3.47801e-11,1.26289e-11,4.81186e-12,1.78803e-12,7.25237e-13,9.41546e-14,3.95053e-14,7.89928e-15,2.27004e-15,6.63026e-16,1.75383e-16,7.06888e-17,2.76065e-17,7.04999e-18,3.9189e-18,1.29558e-18,2.00255e-19,5.37991e-20,2.19483e-20,2.31438e-21,1.29991e-21,5.64269e-22,2.27741e-22,9.3268e-23,1.67478e-23,1.3829e-24,5.35782e-25,2.08133e-25,7.9155e-26,1.1271e-26,2.05521e-27,1.62915e-27,6.031e-28,1.18184e-28,2.46262e-29,1.53221e-29,3.11678e-30,1.16366e-30,1.52523e-31,6.11783e-32,9.08282e-33,2.81112e-33,3.58848e-34,8.49077e-35,2.50948e-35,5.9315e-36,1.39015e-36,3.94548e-37,1.80757e-37,2.49198e-38,1.15761e-38,1.83825e-39,7.99372e-40,1.52139e-40,9.98972e-41,1.32731e-41,5.31793e-42,1.30321e-42,2.97075e-43,1.5134e-43,7.00649e-45,7.00649e-45,2.8026e-45,0,0,0,0,0,0,0,0,0,0,0,0,0,0,0,0,0,0,0,0,0,0,0,0,0,0,0,0,0,0,0,0,0,0,0,0,0,0,0,0,0,0,0,0,0,0,0,0,0,0,0,0,0,0,0,0,0,0,0,0,0,0,0,0,0,0,0,0,0,0,0,0,0,0,0,0,0,0,0,0,0,0,0,0,0,0,0,0,0,0,0,0,0,0,0,0,0,0,0,0,0,0,0,0,0,0,0,0,0,0,0,0,0,0,0,0,0,0,0,0,0,0,0,0,0,0,0,0,0,0,0,0,0,0,0,0,0,0,0,0,0,0,0,0,0,0,0,0,0,0,0,0,0,0,0,0,0,0,0,0,0,0,0,0,0,0,0,0,0,0,0,0,0,0,0,0,0,0,0,0,0,0,0,0,0,0,0,0,0,0,0,0,0,0,0,0,0,0,0,0,0,0,0
42785.1,10618.6,2350.58,622.459,206.145,72.1236,36.8345,9.76627,4.99811,1.00736,0.360988,0.0395906,0.0112415,0.00299052,0.000487586,0.000270925,0.000129406,3.0695e-05,4.26805e-06,1.68476e-06,2.83938e-07,1.06534e-07,3.82766e-08,8.31035e-09,3.17808e-09,9.24968e-10,2.64625e-10,6.62938e-11,2.72529e-11,1.42252e-11,3.07545e-12,1.02298e-12,1.60795e-13,1.00551e-13,4.9489e-14,1.35381e-14,3.84495e-15,1.14156e-15,2.33642e-16,5.16528e-17,4.48163e-17,1.21131e-17,5.32701e-18,1.17964e-18,3.14931e-19,1.10343e-19,3.24129e-20,7.29537e-21,1.61781e-21,1.18176e-21,2.70249e-22,8.90313e-23,3.38093e-23,1.17257e-23,1.40171e-24,7.21181e-25,1.86695e-25,7.19862e-26,1.57526e-26,3.05314e-27,1.95543e-27,1.03754e-27,4.10242e-28,1.88927e-28,8.62285e-29,3.2834e-29,6.67697e-30,1.3757e-30,5.57306e-31,2.31305e-31,1.09098e-31,2.06979e-32,5.47294e-33,1.55954e-33,3.59704e-34,2.10717e-34,2.67143e-35,1.85272e-35,2.64147e-36,1.21223e-36,3.23605e-37,6.71784e-38,4.05117e-38,1.06335e-38,4.07809e-39,7.94996e-40,2.53941e-40,5.61879e-41,3.68093e-41,4.89754e-42,8.64601e-43,4.09179e-43,1.70958e-43,2.94273e-44,7.00649e-45,0,0,0,0,0,0,0,0,0,0,0,0,0,0,0,0,0,0,0,0,0,0,0,0,0,0,0,0,0,0,0,0,0,0,0,0,0,0,0,0,0,0,0,0,0,0,0,0,0,0,0,0,0,0,0,0,0,0,0,0,0,0,0,0,0,0,0,0,0,0,0,0,0,0,0,0,0,0,0,0,0,0,0,0,0,0,0,0,0,0,0,0,0,0,0,0,0,0,0,0,0,0,0,0,0,0,0,0,0,0,0,0,0,0,0,0,0,0,0,0,0,0,0,0,0,0,0,0,0,0,0,0,0,0,0,0,0,0,0,0,0,0,0,0,0,0,0,0,0,0,0,0,0,0,0,0,0,0,0,0,0,0,0,0,0,0,0,0,0,0,0,0,0,0,0,0,0,0,0,0,0,0,0,0,0,0,0,0,0,0,0,0,0,0,0,0,0,0,0,0,0,0,0,0,0
41635.1,11852.5,5541.53,1224.91,669.42,100.407,17.3605,16.6917,5.17284,5.17284,2.89831,0.370745,0.149666,0.0646548,0.0151005,0.00800876,0.00107397,0.000219604,0.000108254,5.64221e-05,2.0298e-05,8.54456e-06,5.95712e-06,2.9278e-06,5.84027e-07,3.35928e-07,1.40895e-07,6.82008e-08,5.11627e-09,3.00901e-09,6.72295e-10,3.59393e-10,7.73544e-11,7.15746e-11,1.93007e-11,9.32806e-12,3.74498e-12,9.06499e-13,4.42166e-13,1.88601e-13,5.65529e-14,1.88888e-14,3.92808e-15,9.37822e-16,5.21707e-16,1.76832e-16,8.98524e-17,1.84752e-17,3.01475e-18,8.85554e-19,2.08749e-19,1.48776e-19,4.9612e-20,2.04254e-20,3.48325e-21,9.12665e-22,2.95064e-22,7.10489e-23,1.73044e-23,2.64186e-24,8.29065e-25,4.55015e-25,1.32303e-25,3.10085e-26,1.42577e-26,2.24121e-27,2.46657e-28,2.1921e-28,5.16511e-29,1.06003e-29,2.68633e-30,8.43211e-31,2.86103e-31,4.88927e-32,1.3587e-32,5.84374e-33,1.53389e-33,3.41629e-34,1.63578e-34,1.07353e-34,1.92343e-35,5.00395e-36,1.86454e-36,5.6694e-37,1.25673e-37,4.97387e-38,1.78238e-38,3.8656e-39,1.17229e-39,3.05878e-40,1.44419e-40,5.12273e-41,1.45469e-41,3.38694e-42,1.05938e-42,2.05991e-43,4.2039e-44,5.60519e-45,1.4013e-45,0,0,0,0,0,0,0,0,0,0,0,0,0,0,0,0,0,0,0,0,0,0,0,0,0,0,0,0,0,0,0,0,0,0,0,0,0,0,0,0,0,0,0,0,0,0,0,0,0,0,0,0,0,0,0,0,0,0,0,0,0,0,0,0,0,0,0,0,0,0,0,0,0,0,0,0,0,0,0,0,0,0,0,0,0,0,0,0,0,0,0,0,0,0,0,0,0,0,0,0,0,0,0,0,0,0,0,0,0,0,0,0,0,0,0,0,0,0,0,0,0,0,0,0,0,0,0,0,0,0,0,0,0,0,0,0,0,0,0,0,0,0,0,0,0,0,0,0,0,0,0,0,0,0,0,0,0,0,0,0,0,0,0,0,0,0,0,0,0,0,0,0,0,0,0,0,0,0,0,0,0,0,0,0,0,0,0,0,0,0,0,0,0,0,0,0,0,0,0,0,0
30494,8041.25,801.866,242.169,44.7326,24.7415,8.88435,2.25603,0.922141,0.317538,0.221108,0.0617525,0.0562436,0.020332,0.00900949,0.00299823,0.0010986,0.000518145,0.000100453,5.07048e-05,9.14433e-06,3.45974e-06,1.59205e-06,3.58531e-07,2.00283e-07,6.0509e-08,1.93506e-08,7.79467e-09,4.02036e-09,1.19906e-09,3.65521e-10,1.30676e-10,5.94284e-11,1.53681e-11,7.03571e-12,1.29095e-12,1.21385e-12,4.67593e-13,1.26693e-13,2.80789e-14,6.05513e-15,1.15509e-15,6.65807e-16,1.76481e-16,4.80089e-17,1.38562e-17,8.5149e-18,6.61619e-18,3.00118e-18,1.24891e-18,1.65003e-19,6.86964e-20,9.15192e-21,3.53111e-21,6.20796e-22,1.33804e-22,1.68433e-23,3.96584e-24,6.52451e-25,5.26269e-25,1.85537e-25,8.96875e-26,6.83581e-27,6.75503e-27,1.19374e-27,2.16639e-28,6.44229e-29,3.71452e-29,1.03031e-29,3.50527e-30,8.81201e-31,1.41951e-31,4.00006e-32,1.69082e-32,6.14069e-33,1.80391e-33,4.54613e-34,1.39639e-34,1.84383e-35,1.53011e-35,2.61489e-36,2.96802e-37,9.87693e-38,6.41782e-38,1.62442e-38,8.03838e-39,6.70231e-40,5.76435e-40,1.30942e-40,6.6252e-41,1.52868e-41,6.01017e-42,1.33964e-42,3.3491e-43,6.5861e-44,1.68156e-44,2.8026e-45,0,0,0,0,0,0,0,0,0,0,0,0,0,0,0,0,0,0,0,0,0,0,0,0,0,0,0,0,0,0,0,0,0,0,0,0,0,0,0,0,0,0,0,0,0,0,0,0,0,0,0,0,0,0,0,0,0,0,0,0,0,0,0,0,0,0,0,0,0,0,0,0,0,0,0,0,0,0,0,0,0,0,0,0,0,0,0,0,0,0,0,0,0,0,0,0,0,0,0,0,0,0,0,0,0,0,0,0,0,0,0,0,0,0,0,0,0,0,0,0,0,0,0,0,0,0,0,0,0,0,0,0,0,0,0,0,0,0,0,0,0,0,0,0,0,0,0,0,0,0,0,0,0,0,0,0,0,0,0,0,0,0,0,0,0,0,0,0,0,0,0,0,0,0,0,0,0,0,0,0,0,0,0,0,0,0,0,0,0,0,0,0,0,0,0,0,0,0,0,0,0,0,0
